group,seed_idx,n_flip,flip_rate,any_flip,seed_triadic,seed_p
near_residual,279,9,0.750000,1,0,0.721319
near_residual,295,4,0.333333,1,1,0.359993
near_residual,317,5,0.416667,1,1,0.456329
near_residual,369,9,0.750000,1,0,0.721319
near_residual,370,4,0.333333,1,1,0.359993
near_residual,375,9,0.750000,1,0,0.721319
near_residual,378,7,0.583333,1,1,0.456329
near_residual,380,7,0.583333,1,1,0.456329
near_residual,381,4,0.333333,1,1,0.359993
near_residual,423,7,0.583333,1,1,0.456329
near_residual,429,5,0.416667,1,1,0.456329
near_residual,455,7,0.583333,1,1,0.456329
near_residual,467,5,0.416667,1,1,0.456329
near_residual,471,4,0.333333,1,1,0.359993
near_residual,474,5,0.416667,1,1,0.456329
near_residual,478,4,0.333333,1,1,0.359993
near_residual,493,4,0.333333,1,1,0.359993
near_residual,533,7,0.583333,1,0,0.541429
near_residual,535,4,0.333333,1,1,0.359993
near_residual,554,5,0.416667,1,1,0.456329
near_residual,555,4,0.333333,1,1,0.359993
near_residual,556,5,0.416667,1,1,0.456329
near_residual,557,4,0.333333,1,1,0.359993
near_residual,562,6,0.500000,1,0,0.541429
near_residual,573,7,0.583333,1,1,0.456329
near_residual,581,6,0.500000,1,0,0.541429
near_residual,599,5,0.416667,1,1,0.456329
near_residual,605,7,0.583333,1,1,0.456329
near_residual,627,6,0.500000,1,0,0.541429
near_residual,643,7,0.583333,1,1,0.456329
near_residual,647,4,0.333333,1,1,0.359993
near_residual,648,4,0.333333,1,1,0.359993
near_residual,650,7,0.583333,1,1,0.456329
near_residual,683,7,0.583333,1,0,0.541429
near_residual,686,6,0.500000,1,0,0.541429
near_residual,711,5,0.416667,1,1,0.456329
near_residual,712,7,0.583333,1,0,0.541429
near_residual,732,7,0.583333,1,0,0.541429
near_residual,733,4,0.333333,1,1,0.359993
near_residual,788,7,0.583333,1,0,0.541429
near_residual,795,5,0.416667,1,1,0.456329
near_residual,804,6,0.500000,1,0,0.541429
near_residual,811,7,0.583333,1,1,0.456329
near_residual,839,6,0.500000,1,0,0.541429
near_residual,840,7,0.583333,1,1,0.456329
near_residual,882,5,0.416667,1,1,0.456329
near_residual,893,7,0.583333,1,0,0.541429
near_residual,903,7,0.583333,1,0,0.541429
near_residual,904,5,0.416667,1,1,0.456329
near_residual,946,7,0.583333,1,1,0.456329
near_residual,957,6,0.500000,1,0,0.541429
near_residual,977,6,0.500000,1,0,0.541429
near_residual,993,7,0.583333,1,0,0.541429
near_residual,1059,6,0.500000,1,0,0.541429
near_residual,1079,6,0.500000,1,0,0.541429
near_residual,1105,7,0.583333,1,0,0.541429
near_residual,1108,6,0.500000,1,0,0.541429
near_residual,1137,4,0.333333,1,1,0.438901
near_residual,1144,4,0.333333,1,1,0.438901
near_residual,1160,4,0.333333,1,1,0.438901
near_residual,1164,7,0.583333,1,0,0.541429
near_residual,1202,4,0.333333,1,1,0.438901
near_residual,1210,7,0.583333,1,0,0.541429
near_residual,1229,7,0.583333,1,0,0.541429
near_residual,1234,4,0.333333,1,1,0.438901
near_residual,1245,4,0.333333,1,1,0.438901
near_residual,1258,6,0.500000,1,0,0.541429
near_residual,1309,6,0.500000,1,0,0.541429
near_residual,1310,7,0.583333,1,0,0.541429
near_residual,1345,7,0.583333,1,0,0.541429
near_residual,1346,6,0.500000,1,0,0.541429
near_residual,1396,6,0.500000,1,0,0.541429
near_residual,1400,7,0.583333,1,0,0.541429
near_residual,1495,7,0.583333,1,0,0.512214
near_residual,1499,6,0.500000,1,0,0.512214
near_residual,1812,4,0.333333,1,1,0.398069
near_residual,1819,4,0.333333,1,1,0.398069
near_residual,1829,6,0.500000,1,0,0.512214
near_residual,1851,7,0.583333,1,0,0.512214
near_residual,1857,4,0.333333,1,1,0.398069
near_residual,1864,4,0.333333,1,1,0.398069
near_residual,1874,6,0.500000,1,0,0.512214
near_residual,1880,7,0.583333,1,0,0.512214
near_residual,1924,4,0.333333,1,1,0.398069
near_residual,1925,7,0.583333,1,0,0.512214
near_residual,1969,4,0.333333,1,1,0.398069
near_residual,1971,7,0.583333,1,0,0.512214
near_residual,1998,6,0.500000,1,0,0.512214
near_residual,2028,6,0.500000,1,0,0.512214
near_residual,2074,6,0.500000,1,0,0.512214
near_residual,2087,4,0.333333,1,1,0.398069
near_residual,2088,4,0.333333,1,1,0.398069
near_residual,2103,7,0.583333,1,0,0.512214
near_residual,2120,4,0.333333,1,1,0.398069
near_residual,2122,7,0.583333,1,0,0.512214
near_residual,2162,4,0.333333,1,1,0.398069
near_residual,2163,7,0.583333,1,0,0.512214
near_residual,2178,4,0.333333,1,1,0.398069
near_residual,2180,4,0.333333,1,1,0.398069
near_residual,2209,6,0.500000,1,0,0.512214
near_residual,2212,7,0.583333,1,0,0.512214
near_residual,2253,6,0.500000,1,0,0.512214
near_residual,2268,6,0.500000,1,0,0.512214
near_residual,2605,7,0.583333,1,0,0.512214
near_residual,2606,6,0.500000,1,0,0.512214
near_residual,2689,6,0.500000,1,0,0.541414
near_residual,2690,7,0.583333,1,0,0.541414
near_residual,2740,7,0.583333,1,0,0.541414
near_residual,2744,6,0.500000,1,0,0.541414
near_residual,2791,6,0.500000,1,0,0.541414
near_residual,2795,7,0.583333,1,0,0.541414
near_residual,2835,6,0.500000,1,0,0.541414
near_residual,2875,6,0.500000,1,0,0.541414
near_residual,2884,4,0.333333,1,1,0.434076
near_residual,2892,7,0.583333,1,0,0.541414
near_residual,2929,4,0.333333,1,1,0.434076
near_residual,2933,7,0.583333,1,0,0.541414
near_residual,2978,7,0.583333,1,0,0.541414
near_residual,2984,6,0.500000,1,0,0.541414
near_residual,2994,4,0.333333,1,1,0.434076
near_residual,2996,4,0.333333,1,1,0.434076
near_residual,3022,7,0.583333,1,0,0.541414
near_residual,3029,6,0.500000,1,0,0.541414
near_residual,3041,4,0.333333,1,1,0.434076
near_residual,3054,4,0.333333,1,1,0.434076
near_residual,3096,6,0.500000,1,0,0.541414
near_residual,3112,7,0.583333,1,0,0.541414
near_residual,3140,5,0.416667,1,1,0.457843
near_residual,3147,7,0.583333,1,0,0.541414
near_residual,3185,7,0.583333,1,1,0.457843
near_residual,3198,6,0.500000,1,0,0.541414
near_residual,3204,7,0.583333,1,1,0.457843
near_residual,3211,6,0.500000,1,0,0.541414
near_residual,3249,5,0.416667,1,1,0.457843
near_residual,3262,7,0.583333,1,0,0.541414
near_residual,3282,7,0.583333,1,0,0.541414
near_residual,3293,5,0.416667,1,1,0.457843
near_residual,3298,6,0.500000,1,0,0.541414
near_residual,3309,7,0.583333,1,1,0.457843
near_residual,3349,5,0.416667,1,1,0.457843
near_residual,3351,4,0.333333,1,1,0.360836
near_residual,3356,5,0.416667,1,1,0.457843
near_residual,3358,4,0.333333,1,1,0.360836
near_residual,3370,7,0.583333,1,0,0.541414
near_residual,3371,4,0.333333,1,1,0.360836
near_residual,3377,6,0.500000,1,0,0.541414
near_residual,3390,7,0.583333,1,1,0.457843
near_residual,3395,7,0.583333,1,1,0.457843
near_residual,3396,4,0.333333,1,1,0.360836
near_residual,3397,7,0.583333,1,1,0.457843
near_residual,3403,4,0.333333,1,1,0.360836
near_residual,3415,7,0.583333,1,0,0.541414
near_residual,3421,6,0.500000,1,0,0.541414
near_residual,3466,6,0.500000,1,0,0.541414
near_residual,3499,5,0.416667,1,1,0.457843
near_residual,3502,7,0.583333,1,1,0.457843
near_residual,3507,6,0.500000,1,0,0.541414
near_residual,3524,7,0.583333,1,0,0.541414
near_residual,3531,5,0.416667,1,1,0.457843
near_residual,3564,7,0.583333,1,0,0.541414
near_residual,3566,4,0.333333,1,1,0.360836
near_residual,3611,4,0.333333,1,1,0.360836
near_residual,3627,9,0.750000,1,0,0.718968
near_residual,3646,5,0.416667,1,1,0.457843
near_residual,3675,7,0.583333,1,1,0.457843
near_residual,3678,5,0.416667,1,1,0.457843
near_residual,3761,4,0.333333,1,1,0.360836
near_residual,3762,9,0.750000,1,0,0.718968
near_residual,3765,7,0.583333,1,1,0.457843
near_residual,3771,9,0.750000,1,0,0.718968
near_residual,3772,7,0.583333,1,1,0.457843
near_residual,3774,4,0.333333,1,1,0.360836
near_residual,3787,7,0.583333,1,1,0.457843
near_residual,3806,4,0.333333,1,1,0.360836
near_residual,3811,5,0.416667,1,1,0.457843
near_residual,3813,5,0.416667,1,1,0.457843
near_residual,3819,4,0.333333,1,1,0.360836
near_residual,3821,4,0.333333,1,1,0.360836
near_hit_control,274,4,0.333333,1,1,0.721319
near_hit_control,276,4,0.333333,1,1,0.721319
near_hit_control,289,4,0.333333,1,1,0.721319
near_hit_control,291,7,0.583333,1,0,0.456329
near_hit_control,299,8,0.666667,1,0,0.359993
near_hit_control,301,3,0.250000,1,1,0.721319
near_hit_control,306,7,0.583333,1,0,0.456329
near_hit_control,321,4,0.333333,1,1,0.721319
near_hit_control,334,4,0.333333,1,1,0.721319
near_hit_control,347,6,0.500000,1,0,0.456329
near_hit_control,350,7,0.583333,1,0,0.456329
near_hit_control,376,8,0.666667,1,0,0.359993
near_hit_control,382,8,0.666667,1,0,0.359993
near_hit_control,391,8,0.666667,1,0,0.359993
near_hit_control,392,7,0.583333,1,0,0.359993
near_hit_control,396,6,0.500000,1,0,0.456329
near_hit_control,434,8,0.666667,1,0,0.359993
near_hit_control,437,6,0.500000,1,0,0.456329
near_hit_control,445,7,0.583333,1,0,0.359993
near_hit_control,456,6,0.500000,1,0,0.456329
near_hit_control,466,3,0.250000,1,1,0.721319
near_hit_control,475,7,0.583333,1,0,0.359993
near_hit_control,484,4,0.333333,1,1,0.721319
near_hit_control,485,7,0.583333,1,0,0.456329
near_hit_control,487,8,0.666667,1,0,0.359993
near_hit_control,494,3,0.250000,1,1,0.721319
near_hit_control,529,4,0.333333,1,1,0.721319
near_hit_control,539,3,0.250000,1,1,0.721319
near_hit_control,541,8,0.666667,1,0,0.438901
near_hit_control,552,3,0.250000,1,1,0.721319
near_hit_control,558,7,0.583333,1,0,0.438901
near_hit_control,583,7,0.583333,1,0,0.438901
near_hit_control,584,8,0.666667,1,0,0.438901
near_hit_control,626,7,0.583333,1,0,0.438901
near_hit_control,637,8,0.666667,1,0,0.438901
near_hit_control,642,8,0.666667,1,0,0.438901
near_hit_control,651,8,0.666667,1,0,0.438901
near_hit_control,692,4,0.333333,1,1,0.721319
near_hit_control,699,4,0.333333,1,1,0.721319
near_hit_control,724,4,0.333333,1,1,0.721319
near_hit_control,727,3,0.250000,1,1,0.721319
near_hit_control,734,8,0.666667,1,0,0.438901
near_hit_control,737,4,0.333333,1,1,0.721319
near_hit_control,744,4,0.333333,1,1,0.721319
near_hit_control,990,7,0.583333,1,1,0.541429
near_hit_control,1006,5,0.416667,1,1,0.541429
near_hit_control,1063,7,0.583333,1,0,0.438901
near_hit_control,1064,8,0.666667,1,0,0.438901
near_hit_control,1080,7,0.583333,1,1,0.541429
near_hit_control,1140,7,0.583333,1,0,0.438901
near_hit_control,1141,5,0.416667,1,1,0.541429
near_hit_control,1148,5,0.416667,1,1,0.541429
near_hit_control,1156,8,0.666667,1,0,0.438901
near_hit_control,1186,5,0.416667,1,1,0.541429
near_hit_control,1192,7,0.583333,1,1,0.541429
near_hit_control,1208,8,0.666667,1,0,0.438901
near_hit_control,1218,5,0.416667,1,1,0.541429
near_hit_control,1233,8,0.666667,1,0,0.438901
near_hit_control,1235,7,0.583333,1,1,0.541429
near_hit_control,1237,7,0.583333,1,1,0.541429
near_hit_control,1239,8,0.666667,1,0,0.438901
near_hit_control,1250,7,0.583333,1,0,0.438901
near_hit_control,1261,8,0.666667,1,0,0.438901
near_hit_control,1319,5,0.416667,1,1,0.541429
near_hit_control,1323,7,0.583333,1,1,0.541429
near_hit_control,1412,7,0.583333,1,1,0.541429
near_hit_control,1416,5,0.416667,1,1,0.541429
near_hit_control,1457,5,0.416667,1,1,0.541429
near_hit_control,1458,7,0.583333,1,1,0.541429
near_hit_control,1517,7,0.583333,1,1,0.541429
near_hit_control,1518,5,0.416667,1,1,0.541429
near_hit_control,1816,8,0.666667,1,0,0.398069
near_hit_control,1818,7,0.583333,1,1,0.512214
near_hit_control,1820,7,0.583333,1,1,0.512214
near_hit_control,1822,8,0.666667,1,0,0.398069
near_hit_control,1828,7,0.583333,1,0,0.398069
near_hit_control,1835,8,0.666667,1,0,0.398069
near_hit_control,1844,5,0.416667,1,1,0.512214
near_hit_control,1858,7,0.583333,1,0,0.398069
near_hit_control,1859,5,0.416667,1,1,0.512214
near_hit_control,1866,5,0.416667,1,1,0.512214
near_hit_control,1921,8,0.666667,1,0,0.398069
near_hit_control,1953,7,0.583333,1,1,0.512214
near_hit_control,1956,5,0.416667,1,1,0.512214
near_hit_control,1970,8,0.666667,1,0,0.398069
near_hit_control,1985,7,0.583333,1,1,0.512214
near_hit_control,2017,8,0.666667,1,0,0.398069
near_hit_control,2030,7,0.583333,1,0,0.398069
near_hit_control,2071,8,0.666667,1,0,0.398069
near_hit_control,2072,7,0.583333,1,0,0.398069
near_hit_control,2084,8,0.666667,1,0,0.398069
near_hit_control,2085,7,0.583333,1,1,0.512214
near_hit_control,2092,7,0.583333,1,1,0.512214
near_hit_control,2093,8,0.666667,1,0,0.398069
near_hit_control,2104,5,0.416667,1,1,0.512214
near_hit_control,2114,8,0.666667,1,0,0.398069
near_hit_control,2130,7,0.583333,1,1,0.512214
near_hit_control,2136,5,0.416667,1,1,0.512214
near_hit_control,2161,8,0.666667,1,0,0.398069
near_hit_control,2177,7,0.583333,1,0,0.398069
near_hit_control,2179,5,0.416667,1,1,0.512214
near_hit_control,2181,5,0.416667,1,1,0.512214
near_hit_control,2242,7,0.583333,1,1,0.512214
near_hit_control,2258,8,0.666667,1,0,0.398069
near_hit_control,2269,7,0.583333,1,0,0.398069
near_hit_control,2583,7,0.583333,1,1,0.541414
near_hit_control,2587,5,0.416667,1,1,0.541414
near_hit_control,2628,5,0.416667,1,1,0.541414
near_hit_control,2632,7,0.583333,1,1,0.541414
near_hit_control,2673,7,0.583333,1,1,0.541414
near_hit_control,2674,5,0.416667,1,1,0.541414
near_hit_control,2781,5,0.416667,1,1,0.541414
near_hit_control,2782,7,0.583333,1,1,0.541414
near_hit_control,2836,8,0.666667,1,0,0.434076
near_hit_control,2843,7,0.583333,1,0,0.434076
near_hit_control,2868,7,0.583333,1,1,0.541414
near_hit_control,2888,8,0.666667,1,0,0.434076
near_hit_control,2897,5,0.416667,1,1,0.541414
near_hit_control,2900,7,0.583333,1,1,0.541414
near_hit_control,2932,8,0.666667,1,0,0.434076
near_hit_control,3000,7,0.583333,1,0,0.434076
near_hit_control,3002,5,0.416667,1,1,0.541414
near_hit_control,3004,5,0.416667,1,1,0.541414
near_hit_control,3009,5,0.416667,1,1,0.541414
near_hit_control,3025,7,0.583333,1,0,0.434076
near_hit_control,3038,8,0.666667,1,0,0.434076
near_hit_control,3042,8,0.666667,1,0,0.434076
near_hit_control,3043,7,0.583333,1,1,0.541414
near_hit_control,3050,7,0.583333,1,1,0.541414
near_hit_control,3051,8,0.666667,1,0,0.434076
near_hit_control,3095,7,0.583333,1,1,0.541414
near_hit_control,3111,5,0.416667,1,1,0.541414
near_hit_control,3348,3,0.250000,1,1,0.718968
near_hit_control,3357,7,0.583333,1,0,0.434076
near_hit_control,3362,4,0.333333,1,1,0.718968
near_hit_control,3367,3,0.250000,1,1,0.718968
near_hit_control,3374,8,0.666667,1,0,0.434076
near_hit_control,3393,8,0.666667,1,0,0.434076
near_hit_control,3399,8,0.666667,1,0,0.434076
near_hit_control,3447,4,0.333333,1,1,0.718968
near_hit_control,3448,4,0.333333,1,1,0.718968
near_hit_control,3460,8,0.666667,1,0,0.434076
near_hit_control,3467,7,0.583333,1,0,0.434076
near_hit_control,3505,7,0.583333,1,0,0.434076
near_hit_control,3518,8,0.666667,1,0,0.434076
near_hit_control,3538,4,0.333333,1,1,0.718968
near_hit_control,3540,4,0.333333,1,1,0.718968
near_hit_control,3560,4,0.333333,1,1,0.718968
near_hit_control,3563,3,0.250000,1,1,0.718968
near_hit_control,3565,8,0.666667,1,0,0.434076
near_hit_control,3602,4,0.333333,1,1,0.718968
near_hit_control,3603,7,0.583333,1,0,0.457843
near_hit_control,3607,8,0.666667,1,0,0.360836
near_hit_control,3614,3,0.250000,1,1,0.718968
near_hit_control,3617,4,0.333333,1,1,0.718968
near_hit_control,3624,4,0.333333,1,1,0.718968
near_hit_control,3633,7,0.583333,1,0,0.457843
near_hit_control,3652,7,0.583333,1,0,0.360836
near_hit_control,3659,8,0.666667,1,0,0.360836
near_hit_control,3660,6,0.500000,1,0,0.457843
near_hit_control,3697,8,0.666667,1,0,0.360836
near_hit_control,3706,6,0.500000,1,0,0.457843
near_hit_control,3710,7,0.583333,1,0,0.360836
near_hit_control,3714,4,0.333333,1,1,0.718968
near_hit_control,3725,4,0.333333,1,1,0.718968
near_hit_control,3751,6,0.500000,1,0,0.457843
near_hit_control,3757,7,0.583333,1,0,0.457843
near_hit_control,3764,8,0.666667,1,0,0.360836
near_hit_control,3773,8,0.666667,1,0,0.360836
near_hit_control,3780,6,0.500000,1,0,0.457843
near_hit_control,3800,4,0.333333,1,1,0.718968
near_hit_control,3802,7,0.583333,1,0,0.457843
near_hit_control,3803,8,0.666667,1,0,0.360836
near_hit_control,3805,3,0.250000,1,1,0.718968
near_hit_control,3809,3,0.250000,1,1,0.718968
near_hit_control,3815,7,0.583333,1,0,0.360836
far_hit_control,2708,2,0.166667,1,1,1.000000
far_hit_control,2424,3,0.250000,1,1,1.000000
far_hit_control,2041,4,0.333333,1,0,0.000000
far_hit_control,1776,0,0.000000,0,0,0.000000
far_hit_control,313,1,0.083333,1,1,1.000000
far_hit_control,3068,4,0.333333,1,0,0.000000
far_hit_control,2824,3,0.250000,1,0,0.000000
far_hit_control,1305,3,0.250000,1,1,1.000000
far_hit_control,3313,4,0.333333,1,0,0.000000
far_hit_control,491,3,0.250000,1,1,1.000000
far_hit_control,3484,1,0.083333,1,1,1.000000
far_hit_control,779,4,0.333333,1,0,0.000000
far_hit_control,3492,4,0.333333,1,1,1.000000
far_hit_control,2392,1,0.083333,1,1,1.000000
far_hit_control,1901,3,0.250000,1,1,1.000000
far_hit_control,3907,4,0.333333,1,0,0.000000
far_hit_control,1362,6,0.500000,1,0,0.000000
far_hit_control,3436,2,0.166667,1,1,1.000000
far_hit_control,1887,4,0.333333,1,0,0.000000
far_hit_control,3202,4,0.333333,1,1,1.000000
far_hit_control,3868,4,0.333333,1,0,0.000000
far_hit_control,3581,3,0.250000,1,0,0.000000
far_hit_control,3091,3,0.250000,1,1,1.000000
far_hit_control,404,3,0.250000,1,1,1.000000
far_hit_control,2677,3,0.250000,1,1,1.000000
far_hit_control,1104,2,0.166667,1,0,0.000000
far_hit_control,2100,4,0.333333,1,1,1.000000
far_hit_control,3432,3,0.250000,1,1,1.000000
far_hit_control,3736,3,0.250000,1,1,1.000000
far_hit_control,638,3,0.250000,1,1,1.000000
far_hit_control,2748,7,0.583333,1,0,0.000000
far_hit_control,3852,0,0.000000,0,0,0.000000
far_hit_control,3306,6,0.500000,1,0,0.000000
far_hit_control,2255,3,0.250000,1,0,0.000000
far_hit_control,3500,3,0.250000,1,1,1.000000
far_hit_control,2049,2,0.166667,1,0,0.000000
far_hit_control,1199,4,0.333333,1,0,0.000000
far_hit_control,3713,4,0.333333,1,1,1.000000
far_hit_control,551,3,0.250000,1,1,1.000000
far_hit_control,3077,0,0.000000,0,0,0.000000
far_hit_control,3191,4,0.333333,1,1,1.000000
far_hit_control,2592,4,0.333333,1,0,0.000000
far_hit_control,2112,3,0.250000,1,0,0.000000
far_hit_control,3783,4,0.333333,1,1,1.000000
far_hit_control,2696,3,0.250000,1,1,1.000000
far_hit_control,587,3,0.250000,1,1,1.000000
far_hit_control,2000,3,0.250000,1,0,0.000000
far_hit_control,4070,4,0.333333,1,0,0.000000
far_hit_control,3361,4,0.333333,1,1,1.000000
far_hit_control,2799,2,0.166667,1,0,0.000000
far_hit_control,1688,1,0.083333,1,1,1.000000
far_hit_control,3604,3,0.250000,1,1,1.000000
far_hit_control,2216,3,0.250000,1,1,1.000000
far_hit_control,880,4,0.333333,1,0,0.000000
far_hit_control,2721,6,0.500000,1,0,0.000000
far_hit_control,1547,4,0.333333,1,0,0.000000
far_hit_control,3280,3,0.250000,1,0,0.000000
far_hit_control,817,3,0.250000,1,1,1.000000
far_hit_control,2285,8,0.666667,1,0,0.000000
far_hit_control,3443,4,0.333333,1,1,1.000000
far_hit_control,315,6,0.500000,1,1,1.000000
far_hit_control,1507,3,0.250000,1,1,1.000000
far_hit_control,1084,8,0.666667,1,0,0.000000
far_hit_control,3732,4,0.333333,1,1,1.000000
far_hit_control,4009,4,0.333333,1,0,0.000000
far_hit_control,620,1,0.083333,1,1,1.000000
far_hit_control,2916,5,0.416667,1,1,1.000000
far_hit_control,1253,4,0.333333,1,1,1.000000
far_hit_control,3592,3,0.250000,1,0,0.000000
far_hit_control,1088,3,0.250000,1,0,0.000000
far_hit_control,2457,0,0.000000,0,1,0.957500
far_hit_control,2437,1,0.083333,1,1,1.000000
far_hit_control,3244,0,0.000000,0,1,1.000000
far_hit_control,176,0,0.000000,0,0,0.000000
far_hit_control,59,4,0.333333,1,0,0.000000
far_hit_control,2890,4,0.333333,1,1,1.000000
far_hit_control,3106,4,0.333333,1,1,1.000000
far_hit_control,257,4,0.333333,1,0,0.000000
far_hit_control,2982,3,0.250000,1,1,1.000000
far_hit_control,2297,4,0.333333,1,0,0.000000
far_hit_control,571,4,0.333333,1,1,1.000000
far_hit_control,3251,3,0.250000,1,1,1.000000
far_hit_control,1810,8,0.666667,1,0,0.000000
far_hit_control,2593,4,0.333333,1,1,1.000000
far_hit_control,2567,4,0.333333,1,0,0.000000
far_hit_control,1679,4,0.333333,1,0,0.000000
far_hit_control,2637,5,0.416667,1,1,1.000000
far_hit_control,875,2,0.166667,1,1,1.000000
far_hit_control,3745,4,0.333333,1,1,1.000000
far_hit_control,3786,3,0.250000,1,1,1.000000
far_hit_control,2047,0,0.000000,0,0,0.000000
far_hit_control,868,3,0.250000,1,1,1.000000
far_hit_control,1293,3,0.250000,1,0,0.000000
far_hit_control,2833,4,0.333333,1,1,1.000000
far_hit_control,1729,2,0.166667,1,1,1.000000
far_hit_control,2773,3,0.250000,1,1,1.000000
far_hit_control,1582,3,0.250000,1,1,1.000000
far_hit_control,518,4,0.333333,1,0,0.000000
far_hit_control,1052,5,0.416667,1,1,1.000000
far_hit_control,3810,4,0.333333,1,1,1.000000
far_hit_control,1886,6,0.500000,1,1,1.000000
far_hit_control,1073,4,0.333333,1,1,1.000000
far_hit_control,2390,0,0.000000,0,1,1.000000
far_hit_control,2102,2,0.166667,1,1,1.000000
far_hit_control,3456,3,0.250000,1,0,0.000000
far_hit_control,1527,3,0.250000,1,0,0.000000
far_hit_control,794,8,0.666667,1,0,0.000000
far_hit_control,2997,3,0.250000,1,1,1.000000
far_hit_control,3925,2,0.166667,1,0,0.000000
far_hit_control,1266,3,0.250000,1,0,0.000000
far_hit_control,113,1,0.083333,1,0,0.000000
far_hit_control,1751,3,0.250000,1,1,1.000000
far_hit_control,3884,4,0.333333,1,0,0.000000
far_hit_control,1259,4,0.333333,1,1,1.000000
far_hit_control,1388,2,0.166667,1,1,1.000000
far_hit_control,2138,7,0.583333,1,0,0.000000
far_hit_control,1308,7,0.583333,1,0,0.000000
far_hit_control,2977,3,0.250000,1,1,1.000000
far_hit_control,1622,0,0.000000,0,1,1.000000
far_hit_control,3326,2,0.166667,1,0,0.000000
far_hit_control,1283,2,0.166667,1,0,0.000000
far_hit_control,978,3,0.250000,1,1,1.000000
far_hit_control,676,4,0.333333,1,1,1.000000
far_hit_control,951,4,0.333333,1,1,1.000000
far_hit_control,3569,2,0.166667,1,0,0.000000
far_hit_control,2147,2,0.166667,1,1,1.000000
far_hit_control,3795,4,0.333333,1,1,1.000000
far_hit_control,820,7,0.583333,1,0,0.000000
far_hit_control,1090,4,0.333333,1,1,1.000000
far_hit_control,3508,3,0.250000,1,1,1.000000
far_hit_control,3841,0,0.000000,0,0,0.000000
far_hit_control,2413,1,0.083333,1,1,1.000000
far_hit_control,2045,3,0.250000,1,0,0.000000
far_hit_control,2454,0,0.000000,0,1,0.995000
far_hit_control,705,5,0.416667,1,1,1.000000
far_hit_control,2742,3,0.250000,1,1,1.000000
far_hit_control,3737,1,0.083333,1,1,1.000000
far_hit_control,3206,1,0.083333,1,1,1.000000
far_hit_control,1883,4,0.333333,1,1,1.000000
far_hit_control,1180,2,0.166667,1,1,1.000000
far_hit_control,2066,8,0.666667,1,0,0.000000
far_hit_control,3199,3,0.250000,1,0,0.000000
far_hit_control,2219,4,0.333333,1,1,1.000000
far_hit_control,929,3,0.250000,1,1,1.000000
far_hit_control,342,3,0.250000,1,1,1.000000
far_hit_control,1172,4,0.333333,1,1,1.000000
far_hit_control,1373,6,0.500000,1,0,0.000000
far_hit_control,2629,3,0.250000,1,1,1.000000
far_hit_control,2504,3,0.250000,1,1,1.000000
far_hit_control,2588,3,0.250000,1,1,1.000000
far_hit_control,3254,2,0.166667,1,1,1.000000
far_hit_control,1368,6,0.500000,1,0,0.000000
far_hit_control,1746,2,0.166667,1,1,1.000000
far_hit_control,3920,0,0.000000,0,0,0.000000
far_hit_control,4035,0,0.000000,0,0,0.000000
far_hit_control,3458,4,0.333333,1,1,1.000000
far_hit_control,3237,6,0.500000,1,0,0.000000
far_hit_control,1081,1,0.083333,1,1,1.000000
far_hit_control,449,4,0.333333,1,1,1.000000
far_hit_control,3879,4,0.333333,1,0,0.000000
far_hit_control,3965,4,0.333333,1,0,0.000000
far_hit_control,2094,8,0.666667,1,0,0.000000
far_hit_control,1203,4,0.333333,1,1,1.000000
far_hit_control,663,2,0.166667,1,1,1.000000
far_hit_control,129,2,0.166667,1,0,0.000000
far_hit_control,2143,4,0.333333,1,0,0.000000
far_hit_control,241,0,0.000000,0,0,0.000000
far_hit_control,655,1,0.083333,1,0,0.000000
far_hit_control,3686,1,0.083333,1,1,1.000000
far_hit_control,413,3,0.250000,1,1,1.000000
far_hit_control,3977,4,0.333333,1,0,0.000000
far_hit_control,3292,3,0.250000,1,1,1.000000
far_hit_control,3628,4,0.333333,1,1,1.000000
far_hit_control,2664,1,0.083333,1,1,1.000000
far_hit_control,201,4,0.333333,1,0,0.000000
far_hit_control,1740,8,0.666667,1,0,0.000000
far_hit_control,2793,3,0.250000,1,1,1.000000
far_hit_control,182,4,0.333333,1,0,0.000000
