number,author,state,created,merged_at,merged_by
33912,Shy4n7,merged,2026-04-30,2026-05-04,jeremiedbb
33916,DimitriPapadopoulos,merged,2026-05-01,2026-05-04,jeremiedbb
33917,dependabot[bot],merged,2026-05-01,2026-05-20,ogrisel
33918,danilo-silva-ufsc,merged,2026-05-01,2026-05-04,OmarManzoor
33925,scikit-learn-bot,merged,2026-05-04,2026-05-04,ogrisel
33926,scikit-learn-bot,merged,2026-05-04,2026-05-04,ogrisel
33927,scikit-learn-bot,merged,2026-05-04,2026-05-04,ogrisel
33928,FrancoisPgm,merged,2026-05-04,2026-05-12,jeremiedbb
33929,cakedev0,merged,2026-05-04,2026-05-12,betatim
33934,rgommers,merged,2026-05-06,2026-05-06,jeremiedbb
33936,FrancoisPgm,merged,2026-05-06,2026-05-06,jeremiedbb
33937,lorentzenchr,merged,2026-05-06,2026-05-06,jeremiedbb
33941,jeremiedbb,merged,2026-05-07,2026-05-08,adrinjalali
33946,lorentzenchr,merged,2026-05-07,2026-05-08,jeremiedbb
33947,lorentzenchr,merged,2026-05-07,2026-05-08,jeremiedbb
33948,lorentzenchr,merged,2026-05-07,2026-05-12,adam2392
33949,virchan,merged,2026-05-08,2026-05-08,jeremiedbb
33952,AnneBeyer,merged,2026-05-08,2026-05-12,jeremiedbb
33954,lorentzenchr,merged,2026-05-09,2026-05-10,thomasjpfan
33955,lorentzenchr,merged,2026-05-09,2026-05-09,thomasjpfan
33956,lorentzenchr,merged,2026-05-09,2026-05-09,thomasjpfan
33957,lorentzenchr,merged,2026-05-09,2026-05-09,adam2392
33964,lorentzenchr,merged,2026-05-10,2026-05-11,adam2392
33971,lorentzenchr,merged,2026-05-10,2026-05-13,jeremiedbb
33975,scikit-learn-bot,merged,2026-05-11,2026-05-11,ogrisel
33976,scikit-learn-bot,merged,2026-05-11,2026-05-11,ogrisel
33977,scikit-learn-bot,merged,2026-05-11,2026-05-11,ogrisel
33978,scikit-learn-bot,merged,2026-05-11,2026-05-11,ogrisel
33979,cakedev0,merged,2026-05-11,2026-05-11,jeremiedbb
33983,cakedev0,merged,2026-05-11,2026-05-11,jeremiedbb
33984,jeremiedbb,merged,2026-05-11,2026-05-15,ogrisel
33985,FrancoisPgm,merged,2026-05-11,2026-05-11,jeremiedbb
33996,MarcoGorelli,merged,2026-05-12,2026-05-12,jeremiedbb
33998,jeremiedbb,merged,2026-05-12,2026-05-13,jeremiedbb
33999,jeremiedbb,merged,2026-05-12,2026-05-12,jeremiedbb
34002,jeremiedbb,merged,2026-05-12,2026-05-14,thomasjpfan
34004,tomMoral,merged,2026-05-12,2026-05-29,betatim
34007,jeremiedbb,merged,2026-05-13,2026-05-13,jeremiedbb
34009,lucyleeow,merged,2026-05-14,2026-05-14,jeremiedbb
34011,jeremiedbb,merged,2026-05-14,2026-05-15,ogrisel
34013,jeremiedbb,merged,2026-05-14,2026-05-18,jeremiedbb
34021,cakedev0,merged,2026-05-15,2026-05-19,betatim
34022,jondo,merged,2026-05-15,2026-05-15,ogrisel
34023,betatim,merged,2026-05-15,2026-05-15,ogrisel
34024,jeremiedbb,merged,2026-05-15,2026-05-15,ogrisel
34025,jeremiedbb,merged,2026-05-15,2026-05-15,ogrisel
34027,jeremiedbb,merged,2026-05-15,2026-05-18,jeremiedbb
34037,scikit-learn-bot,merged,2026-05-18,2026-05-18,ogrisel
34038,scikit-learn-bot,merged,2026-05-18,2026-05-18,jeremiedbb
34039,StefanieSenger,merged,2026-05-18,2026-05-20,OmarManzoor
34040,ogrisel,merged,2026-05-18,2026-05-18,jeremiedbb
34041,adrinjalali,merged,2026-05-18,2026-05-18,adrinjalali
34042,scikit-learn-bot,merged,2026-05-18,2026-05-18,jeremiedbb
34048,david-cortes-intel,merged,2026-05-18,2026-05-27,StefanieSenger
34049,jeremiedbb,merged,2026-05-18,2026-05-19,jeremiedbb
34050,jeremiedbb,merged,2026-05-18,2026-05-20,adrinjalali
34051,lorentzenchr,merged,2026-05-18,2026-05-29,jeremiedbb
34053,jeremiedbb,merged,2026-05-19,2026-05-20,ogrisel
34054,betatim,merged,2026-05-19,2026-06-01,ogrisel
34055,FrancoisPgm,merged,2026-05-19,2026-06-02,jeremiedbb
34062,betatim,merged,2026-05-20,2026-05-20,adrinjalali
34063,cakedev0,merged,2026-05-20,2026-05-20,betatim
34065,cakedev0,merged,2026-05-20,2026-05-22,ogrisel
34066,FrancoisPgm,merged,2026-05-20,2026-05-22,ogrisel
34069,jcrist,merged,2026-05-20,2026-05-27,betatim
34077,adrinjalali,merged,2026-05-21,2026-06-09,OmarManzoor
34079,lorentzenchr,merged,2026-05-21,2026-06-12,thomasjpfan
34083,lucyleeow,merged,2026-05-22,2026-05-23,lucyleeow
34089,lorentzenchr,merged,2026-05-22,2026-05-22,ogrisel
34092,AnneBeyer,merged,2026-05-22,2026-06-10,lucyleeow
34093,david-cortes-intel,merged,2026-05-22,2026-05-25,jeremiedbb
34099,jeremiedbb,merged,2026-05-23,2026-05-26,thomasjpfan
34103,0xAX,merged,2026-05-24,2026-05-24,StefanieSenger
34106,0xAX,merged,2026-05-24,2026-05-25,jeremiedbb
34107,baynecheke,merged,2026-05-25,2026-05-25,jeremiedbb
34109,scikit-learn-bot,merged,2026-05-25,2026-05-25,jeremiedbb
34110,scikit-learn-bot,merged,2026-05-25,2026-05-25,jeremiedbb
34111,scikit-learn-bot,merged,2026-05-25,2026-05-25,jeremiedbb
34113,scikit-learn-bot,merged,2026-05-25,2026-05-25,ogrisel
34115,jeremiedbb,merged,2026-05-25,2026-05-26,ArturoAmorQ
34119,Lucas-FManager,merged,2026-05-25,2026-05-31,thomasjpfan
34122,ArturoAmorQ,merged,2026-05-26,2026-06-11,virchan
34129,sarveshvetrivel,merged,2026-05-26,2026-05-28,StefanieSenger
34130,0xAX,merged,2026-05-26,2026-05-27,jeremiedbb
34131,itamarst,merged,2026-05-26,2026-05-28,jeremiedbb
34133,lucyleeow,merged,2026-05-27,2026-05-28,jeremiedbb
34136,AnneBeyer,merged,2026-05-27,2026-05-31,thomasjpfan
34138,MarcoGorelli,merged,2026-05-27,2026-05-28,jeremiedbb
34144,cakedev0,merged,2026-05-28,2026-06-01,OmarManzoor
34147,jeremiedbb,merged,2026-05-28,2026-06-01,jeremiedbb
34148,itamarst,merged,2026-05-28,2026-06-01,jeremiedbb
34153,ogrisel,merged,2026-05-29,2026-05-29,jeremiedbb
34155,jeremiedbb,merged,2026-05-29,2026-06-11,glemaitre
34157,lorentzenchr,merged,2026-05-31,2026-06-20,virchan
34158,SinhSinhAn,merged,2026-06-01,2026-06-03,jeremiedbb
34159,scikit-learn-bot,merged,2026-06-01,2026-06-01,ogrisel
34160,scikit-learn-bot,merged,2026-06-01,2026-06-01,ogrisel
34161,scikit-learn-bot,merged,2026-06-01,2026-06-01,ogrisel
34162,scikit-learn-bot,merged,2026-06-01,2026-06-02,ogrisel
34168,heyyveer,merged,2026-06-01,2026-06-03,jeremiedbb
34173,jeremiedbb,merged,2026-06-01,2026-06-02,jeremiedbb
34174,jeremiedbb,merged,2026-06-01,2026-06-02,lucyleeow
34179,StefanieSenger,merged,2026-06-02,2026-06-10,adrinjalali
34181,jeremiedbb,merged,2026-06-02,2026-06-02,jeremiedbb
34182,jeremiedbb,merged,2026-06-02,2026-06-03,betatim
34183,cakedev0,merged,2026-06-02,2026-06-17,lorentzenchr
34187,itamarst,merged,2026-06-02,2026-06-09,thomasjpfan
34188,StefanieSenger,merged,2026-06-03,2026-06-03,adrinjalali
34192,EdenRochmanSharabi,merged,2026-06-03,2026-06-05,ArturoAmorQ
34201,StefanieSenger,merged,2026-06-05,2026-06-08,adrinjalali
34205,StefanieSenger,merged,2026-06-07,2026-06-09,ogrisel
34207,scikit-learn-bot,merged,2026-06-08,2026-06-08,jeremiedbb
34208,scikit-learn-bot,merged,2026-06-08,2026-06-08,jeremiedbb
34209,scikit-learn-bot,merged,2026-06-08,2026-06-08,jeremiedbb
34210,scikit-learn-bot,merged,2026-06-08,2026-06-08,jeremiedbb
34211,jeremiedbb,merged,2026-06-08,2026-06-09,virchan
34213,GaetandeCast,merged,2026-06-08,2026-06-08,StefanieSenger
34214,glemaitre,merged,2026-06-08,2026-06-11,GaelVaroquaux
34216,TheHashiramaSenju,merged,2026-06-08,2026-06-08,StefanieSenger
34223,vashita-pandey,merged,2026-06-09,2026-06-10,ArturoAmorQ
34224,StefanieSenger,merged,2026-06-09,2026-06-09,OmarManzoor
34229,jeremiedbb,merged,2026-06-09,2026-06-09,virchan
34231,lucascolley,merged,2026-06-09,2026-06-11,virchan
34236,StefanieSenger,merged,2026-06-10,2026-06-12,adrinjalali
34237,glemaitre,merged,2026-06-10,2026-06-11,adrinjalali
34241,jeremiedbb,merged,2026-06-10,2026-06-10,virchan
34245,jeremiedbb,merged,2026-06-11,2026-06-12,ogrisel
34247,glemaitre,merged,2026-06-11,2026-06-12,thomasjpfan
34250,glemaitre,merged,2026-06-11,2026-06-11,betatim
34251,lisaleemcb,merged,2026-06-11,2026-06-11,thomasjpfan
34255,thomasjpfan,merged,2026-06-11,2026-06-13,adrinjalali
34256,jakevdp,merged,2026-06-11,2026-06-12,ogrisel
34262,rth,merged,2026-06-12,2026-06-12,ogrisel
34263,jeremiedbb,merged,2026-06-12,2026-06-12,ogrisel
34265,rth,merged,2026-06-12,2026-06-12,thomasjpfan
34269,rth,merged,2026-06-12,2026-06-12,ogrisel
34271,glemaitre,merged,2026-06-12,2026-06-12,jeremiedbb
34285,lorentzenchr,merged,2026-06-13,2026-06-19,OmarManzoor
34287,lorentzenchr,merged,2026-06-13,2026-06-17,OmarManzoor
34288,lorentzenchr,merged,2026-06-13,2026-06-18,OmarManzoor
34294,scikit-learn-bot,merged,2026-06-15,2026-06-16,ogrisel
34295,scikit-learn-bot,merged,2026-06-15,2026-06-18,ogrisel
34296,scikit-learn-bot,merged,2026-06-15,2026-06-16,ogrisel
34297,scikit-learn-bot,merged,2026-06-15,2026-06-16,ogrisel
34300,MarcoGorelli,merged,2026-06-15,2026-06-16,virchan
34321,OmarManzoor,merged,2026-06-17,2026-06-18,lorentzenchr
34323,AnneBeyer,merged,2026-06-17,2026-06-18,lorentzenchr
34331,MarcoGorelli,merged,2026-06-18,2026-06-18,ogrisel
34336,lorentzenchr,merged,2026-06-19,2026-06-19,OmarManzoor
34346,lorentzenchr,merged,2026-06-20,2026-06-20,virchan
