pr_number,reviewer,state,submitted_at
33912,jeremiedbb,APPROVED,2026-05-04
33916,jeremiedbb,APPROVED,2026-05-04
33917,AnneBeyer,COMMENTED,2026-05-07
33917,betatim,APPROVED,2026-05-20
33918,OmarManzoor,APPROVED,2026-05-04
33918,ogrisel,APPROVED,2026-05-04
33925,ogrisel,APPROVED,2026-05-04
33926,ogrisel,APPROVED,2026-05-04
33927,ogrisel,APPROVED,2026-05-04
33928,StefanieSenger,APPROVED,2026-05-07
33928,StefanieSenger,COMMENTED,2026-05-07
33928,jeremiedbb,APPROVED,2026-05-12
33928,jeremiedbb,COMMENTED,2026-05-12
33929,betatim,APPROVED,2026-05-12
33929,betatim,COMMENTED,2026-05-12
33929,cakedev0,COMMENTED,2026-05-10
33929,cakedev0,COMMENTED,2026-05-11
33929,ogrisel,APPROVED,2026-05-11
33929,ogrisel,COMMENTED,2026-05-12
33929,thomasjpfan,APPROVED,2026-05-10
33934,AnneBeyer,APPROVED,2026-05-06
33934,jeremiedbb,APPROVED,2026-05-06
33936,jeremiedbb,APPROVED,2026-05-06
33936,jeremiedbb,COMMENTED,2026-05-06
33937,jeremiedbb,APPROVED,2026-05-06
33941,FrancoisPgm,COMMENTED,2026-05-07
33941,adrinjalali,APPROVED,2026-05-08
33941,adrinjalali,COMMENTED,2026-05-07
33941,jeremiedbb,COMMENTED,2026-05-07
33941,jeremiedbb,COMMENTED,2026-05-07
33941,jeremiedbb,COMMENTED,2026-05-07
33941,jeremiedbb,COMMENTED,2026-05-07
33946,adam2392,APPROVED,2026-05-07
33946,jeremiedbb,APPROVED,2026-05-08
33947,jeremiedbb,APPROVED,2026-05-08
33948,adam2392,APPROVED,2026-05-12
33948,adam2392,COMMENTED,2026-05-09
33949,jeremiedbb,APPROVED,2026-05-08
33952,AnneBeyer,COMMENTED,2026-05-08
33952,jeremiedbb,APPROVED,2026-05-12
33952,ogrisel,APPROVED,2026-05-11
33952,ogrisel,COMMENTED,2026-05-11
33954,lorentzenchr,COMMENTED,2026-05-09
33954,thomasjpfan,APPROVED,2026-05-10
33954,thomasjpfan,COMMENTED,2026-05-09
33955,thomasjpfan,APPROVED,2026-05-09
33956,thomasjpfan,APPROVED,2026-05-09
33957,adam2392,APPROVED,2026-05-09
33957,cakedev0,APPROVED,2026-05-09
33964,adam2392,APPROVED,2026-05-11
33964,adam2392,COMMENTED,2026-05-10
33964,lorentzenchr,COMMENTED,2026-05-11
33964,ogrisel,APPROVED,2026-05-11
33971,jeremiedbb,APPROVED,2026-05-13
33971,jeremiedbb,COMMENTED,2026-05-13
33971,jeremiedbb,COMMENTED,2026-05-13
33975,ogrisel,APPROVED,2026-05-11
33976,ogrisel,APPROVED,2026-05-11
33977,ogrisel,APPROVED,2026-05-11
33978,copilot-pull-request-reviewer[bot],COMMENTED,2026-05-11
33978,ogrisel,APPROVED,2026-05-11
33979,adam2392,APPROVED,2026-05-11
33979,cakedev0,COMMENTED,2026-05-11
33979,jeremiedbb,APPROVED,2026-05-11
33983,jeremiedbb,APPROVED,2026-05-11
33984,ogrisel,APPROVED,2026-05-15
33984,virchan,APPROVED,2026-05-13
33985,FrancoisPgm,COMMENTED,2026-05-11
33985,jeremiedbb,APPROVED,2026-05-11
33985,jeremiedbb,COMMENTED,2026-05-11
33996,MarcoGorelli,COMMENTED,2026-05-12
33996,MarcoGorelli,COMMENTED,2026-05-12
33996,jeremiedbb,APPROVED,2026-05-12
33996,lorentzenchr,APPROVED,2026-05-12
33996,lorentzenchr,COMMENTED,2026-05-12
33998,FrancoisPgm,APPROVED,2026-05-13
33999,FrancoisPgm,COMMENTED,2026-05-12
33999,FrancoisPgm,COMMENTED,2026-05-12
33999,FrancoisPgm,COMMENTED,2026-05-12
33999,jeremiedbb,COMMENTED,2026-05-12
33999,jeremiedbb,COMMENTED,2026-05-12
33999,jeremiedbb,COMMENTED,2026-05-12
33999,jeremiedbb,COMMENTED,2026-05-12
34002,jeremiedbb,COMMENTED,2026-05-14
34002,thomasjpfan,APPROVED,2026-05-14
34002,virchan,APPROVED,2026-05-13
34004,betatim,APPROVED,2026-05-29
34004,betatim,COMMENTED,2026-05-19
34004,betatim,COMMENTED,2026-05-19
34004,jeremiedbb,APPROVED,2026-05-27
34004,jeremiedbb,COMMENTED,2026-05-19
34004,jeremiedbb,COMMENTED,2026-05-19
34004,jeremiedbb,COMMENTED,2026-05-25
34004,jeremiedbb,COMMENTED,2026-05-25
34004,jeremiedbb,COMMENTED,2026-05-25
34004,ogrisel,APPROVED,2026-05-19
34004,ogrisel,COMMENTED,2026-05-19
34004,tomMoral,COMMENTED,2026-05-23
34004,tomMoral,COMMENTED,2026-05-25
34007,FrancoisPgm,APPROVED,2026-05-13
34007,FrancoisPgm,COMMENTED,2026-05-13
34007,FrancoisPgm,COMMENTED,2026-05-13
34007,jeremiedbb,COMMENTED,2026-05-13
34009,jeremiedbb,APPROVED,2026-05-14
34011,ogrisel,APPROVED,2026-05-15
34011,virchan,APPROVED,2026-05-15
34013,FrancoisPgm,APPROVED,2026-05-15
34013,jeremiedbb,COMMENTED,2026-05-14
34013,jeremiedbb,COMMENTED,2026-05-14
34013,jeremiedbb,COMMENTED,2026-05-14
34013,jeremiedbb,COMMENTED,2026-05-15
34013,ogrisel,COMMENTED,2026-05-15
34021,betatim,APPROVED,2026-05-19
34021,betatim,COMMENTED,2026-05-18
34021,cakedev0,COMMENTED,2026-05-22
34021,ogrisel,APPROVED,2026-05-15
34021,ogrisel,COMMENTED,2026-05-15
34021,virchan,APPROVED,2026-05-18
34022,ogrisel,APPROVED,2026-05-15
34023,ogrisel,APPROVED,2026-05-15
34024,ogrisel,APPROVED,2026-05-15
34025,ogrisel,APPROVED,2026-05-15
34037,ogrisel,APPROVED,2026-05-18
34038,jeremiedbb,APPROVED,2026-05-18
34039,OmarManzoor,APPROVED,2026-05-20
34039,OmarManzoor,COMMENTED,2026-05-19
34039,StefanieSenger,COMMENTED,2026-05-18
34039,StefanieSenger,COMMENTED,2026-05-20
34039,adrinjalali,APPROVED,2026-05-19
34040,jeremiedbb,APPROVED,2026-05-18
34041,jeremiedbb,APPROVED,2026-05-18
34041,jeremiedbb,COMMENTED,2026-05-18
34042,jeremiedbb,APPROVED,2026-05-18
34048,AnneBeyer,APPROVED,2026-05-19
34048,AnneBeyer,COMMENTED,2026-05-20
34048,StefanieSenger,APPROVED,2026-05-26
34048,david-cortes-intel,COMMENTED,2026-05-20
34048,david-cortes-intel,COMMENTED,2026-05-26
34050,StefanieSenger,APPROVED,2026-05-19
34050,StefanieSenger,COMMENTED,2026-05-19
34050,StefanieSenger,COMMENTED,2026-05-19
34050,adrinjalali,APPROVED,2026-05-20
34050,jeremiedbb,COMMENTED,2026-05-19
34050,jeremiedbb,COMMENTED,2026-05-19
34051,FrancoisPgm,COMMENTED,2026-05-20
34051,jeremiedbb,APPROVED,2026-05-29
34051,jeremiedbb,COMMENTED,2026-05-20
34051,jeremiedbb,COMMENTED,2026-05-20
34051,jeremiedbb,COMMENTED,2026-05-20
34051,jeremiedbb,COMMENTED,2026-05-20
34051,jeremiedbb,COMMENTED,2026-05-22
34051,lorentzenchr,COMMENTED,2026-05-20
34051,lorentzenchr,COMMENTED,2026-05-20
34051,lorentzenchr,COMMENTED,2026-05-20
34051,lorentzenchr,COMMENTED,2026-05-20
34051,lorentzenchr,COMMENTED,2026-05-20
34051,lorentzenchr,COMMENTED,2026-05-20
34051,lorentzenchr,COMMENTED,2026-05-21
34051,lorentzenchr,COMMENTED,2026-05-21
34053,ogrisel,APPROVED,2026-05-20
34053,virchan,APPROVED,2026-05-20
34054,betatim,COMMENTED,2026-05-20
34054,betatim,COMMENTED,2026-05-20
34054,betatim,COMMENTED,2026-05-20
34054,betatim,COMMENTED,2026-05-20
34054,betatim,COMMENTED,2026-05-20
34054,betatim,COMMENTED,2026-05-27
34054,betatim,COMMENTED,2026-05-27
34054,betatim,COMMENTED,2026-05-27
34054,betatim,COMMENTED,2026-05-27
34054,cakedev0,APPROVED,2026-05-20
34054,cakedev0,COMMENTED,2026-05-19
34054,cakedev0,COMMENTED,2026-05-19
34054,cakedev0,COMMENTED,2026-05-20
34054,cakedev0,COMMENTED,2026-05-20
34054,cakedev0,COMMENTED,2026-05-20
34054,cakedev0,COMMENTED,2026-05-27
34054,ogrisel,APPROVED,2026-06-01
34054,ogrisel,COMMENTED,2026-05-20
34054,ogrisel,COMMENTED,2026-05-25
34055,FrancoisPgm,COMMENTED,2026-05-21
34055,FrancoisPgm,COMMENTED,2026-05-21
34055,FrancoisPgm,COMMENTED,2026-05-21
34055,FrancoisPgm,COMMENTED,2026-05-22
34055,FrancoisPgm,COMMENTED,2026-05-22
34055,FrancoisPgm,COMMENTED,2026-05-22
34055,StefanieSenger,APPROVED,2026-05-28
34055,jeremiedbb,APPROVED,2026-05-28
34055,jeremiedbb,COMMENTED,2026-05-21
34055,jeremiedbb,COMMENTED,2026-05-21
34055,jeremiedbb,COMMENTED,2026-05-27
34062,adrinjalali,APPROVED,2026-05-20
34063,betatim,APPROVED,2026-05-20
34065,cakedev0,COMMENTED,2026-05-20
34065,cakedev0,COMMENTED,2026-05-22
34065,cakedev0,COMMENTED,2026-05-22
34065,lucyleeow,COMMENTED,2026-05-22
34065,lucyleeow,COMMENTED,2026-05-22
34065,lucyleeow,COMMENTED,2026-05-23
34065,ogrisel,APPROVED,2026-05-21
34065,ogrisel,COMMENTED,2026-05-22
34066,AnneBeyer,APPROVED,2026-05-22
34066,AnneBeyer,COMMENTED,2026-05-21
34066,AnneBeyer,COMMENTED,2026-05-22
34066,FrancoisPgm,COMMENTED,2026-05-21
34066,jeremiedbb,COMMENTED,2026-05-21
34066,ogrisel,APPROVED,2026-05-22
34066,virchan,COMMENTED,2026-05-21
34069,DeaMariaLeon,COMMENTED,2026-05-21
34069,DeaMariaLeon,COMMENTED,2026-05-21
34069,betatim,APPROVED,2026-05-27
34069,jcrist,COMMENTED,2026-05-26
34069,jeremiedbb,COMMENTED,2026-05-21
34069,jeremiedbb,COMMENTED,2026-05-21
34069,thomasjpfan,APPROVED,2026-05-27
34069,thomasjpfan,COMMENTED,2026-05-21
34069,thomasjpfan,COMMENTED,2026-05-23
34077,OmarManzoor,APPROVED,2026-06-09
34077,StefanieSenger,APPROVED,2026-06-08
34077,StefanieSenger,COMMENTED,2026-06-09
34077,StefanieSenger,COMMENTED,2026-06-09
34077,StefanieSenger,COMMENTED,2026-06-10
34077,adrinjalali,COMMENTED,2026-05-21
34077,adrinjalali,COMMENTED,2026-06-09
34077,adrinjalali,COMMENTED,2026-06-09
34079,thomasjpfan,APPROVED,2026-06-08
34083,lucyleeow,COMMENTED,2026-05-22
34083,ogrisel,APPROVED,2026-05-22
34083,ogrisel,COMMENTED,2026-05-22
34089,ogrisel,APPROVED,2026-05-22
34092,AnneBeyer,COMMENTED,2026-05-22
34092,AnneBeyer,COMMENTED,2026-05-22
34092,AnneBeyer,COMMENTED,2026-05-22
34092,AnneBeyer,COMMENTED,2026-05-27
34092,AnneBeyer,COMMENTED,2026-06-01
34092,lucyleeow,APPROVED,2026-05-30
34092,lucyleeow,COMMENTED,2026-05-27
34092,lucyleeow,COMMENTED,2026-05-27
34092,thomasjpfan,APPROVED,2026-06-09
34093,jeremiedbb,APPROVED,2026-05-25
34099,StefanieSenger,APPROVED,2026-05-26
34099,jeremiedbb,COMMENTED,2026-05-25
34099,thomasjpfan,APPROVED,2026-05-26
34099,thomasjpfan,COMMENTED,2026-05-23
34103,StefanieSenger,APPROVED,2026-05-24
34106,StefanieSenger,APPROVED,2026-05-24
34106,jeremiedbb,APPROVED,2026-05-25
34107,jeremiedbb,APPROVED,2026-05-25
34109,jeremiedbb,APPROVED,2026-05-25
34110,jeremiedbb,APPROVED,2026-05-25
34111,jeremiedbb,APPROVED,2026-05-25
34113,ogrisel,APPROVED,2026-05-25
34115,ArturoAmorQ,APPROVED,2026-05-26
34119,thomasjpfan,APPROVED,2026-05-31
34122,thomasjpfan,APPROVED,2026-06-11
34122,thomasjpfan,COMMENTED,2026-06-08
34122,thomasjpfan,COMMENTED,2026-06-11
34122,virchan,APPROVED,2026-06-11
34129,StefanieSenger,APPROVED,2026-05-27
34129,StefanieSenger,COMMENTED,2026-05-27
34129,sarveshvetrivel,COMMENTED,2026-05-27
34129,sarveshvetrivel,COMMENTED,2026-05-27
34129,virchan,APPROVED,2026-05-28
34129,virchan,COMMENTED,2026-05-28
34129,virchan,COMMENTED,2026-05-28
34130,jeremiedbb,APPROVED,2026-05-27
34131,jeremiedbb,APPROVED,2026-05-28
34133,jeremiedbb,APPROVED,2026-05-28
34136,AnneBeyer,COMMENTED,2026-05-29
34136,thomasjpfan,APPROVED,2026-05-29
34136,thomasjpfan,COMMENTED,2026-05-29
34138,jeremiedbb,APPROVED,2026-05-28
34138,lucyleeow,APPROVED,2026-05-27
34144,AnneBeyer,APPROVED,2026-05-29
34144,AnneBeyer,COMMENTED,2026-05-29
34144,AnneBeyer,COMMENTED,2026-05-29
34144,AnneBeyer,COMMENTED,2026-05-29
34144,OmarManzoor,APPROVED,2026-06-01
34144,cakedev0,COMMENTED,2026-05-29
34144,cakedev0,COMMENTED,2026-05-29
34144,cakedev0,COMMENTED,2026-06-01
34144,ogrisel,APPROVED,2026-05-29
34147,betatim,APPROVED,2026-06-01
34147,betatim,COMMENTED,2026-06-01
34147,betatim,COMMENTED,2026-06-01
34147,betatim,COMMENTED,2026-06-01
34147,betatim,COMMENTED,2026-06-01
34147,jeremiedbb,COMMENTED,2026-05-30
34147,jeremiedbb,COMMENTED,2026-06-01
34147,jeremiedbb,COMMENTED,2026-06-01
34147,jeremiedbb,COMMENTED,2026-06-01
34147,lorentzenchr,APPROVED,2026-05-30
34147,ogrisel,APPROVED,2026-06-01
34147,ogrisel,APPROVED,2026-06-01
34147,ogrisel,COMMENTED,2026-06-01
34147,thomasjpfan,APPROVED,2026-05-30
34147,virchan,APPROVED,2026-05-30
34147,virchan,COMMENTED,2026-05-31
34148,jeremiedbb,APPROVED,2026-06-01
34153,jeremiedbb,APPROVED,2026-05-29
34153,jeremiedbb,COMMENTED,2026-05-29
34153,jeremiedbb,COMMENTED,2026-05-29
34153,jeremiedbb,COMMENTED,2026-05-29
34153,jeremiedbb,COMMENTED,2026-05-29
34153,jeremiedbb,COMMENTED,2026-05-29
34153,ogrisel,COMMENTED,2026-05-29
34153,ogrisel,COMMENTED,2026-05-29
34153,ogrisel,COMMENTED,2026-05-29
34153,ogrisel,COMMENTED,2026-05-29
34153,ogrisel,COMMENTED,2026-05-29
34153,ogrisel,COMMENTED,2026-05-29
34153,ogrisel,COMMENTED,2026-05-29
34155,DeaMariaLeon,COMMENTED,2026-06-04
34155,DeaMariaLeon,COMMENTED,2026-06-11
34155,glemaitre,APPROVED,2026-06-10
34155,glemaitre,APPROVED,2026-06-11
34155,glemaitre,COMMENTED,2026-06-10
34155,jeremiedbb,COMMENTED,2026-06-11
34155,jeremiedbb,COMMENTED,2026-06-11
34157,OmarManzoor,APPROVED,2026-06-17
34157,OmarManzoor,COMMENTED,2026-06-16
34157,OmarManzoor,COMMENTED,2026-06-19
34157,virchan,APPROVED,2026-06-20
34158,jeremiedbb,APPROVED,2026-06-03
34159,ogrisel,APPROVED,2026-06-01
34160,ogrisel,APPROVED,2026-06-01
34161,ogrisel,APPROVED,2026-06-01
34162,jeremiedbb,APPROVED,2026-06-02
34162,ogrisel,COMMENTED,2026-06-01
34168,Abdeltoto,APPROVED,2026-06-03
34168,StefanieSenger,APPROVED,2026-06-01
34168,jeremiedbb,APPROVED,2026-06-03
34168,jeremiedbb,COMMENTED,2026-06-02
34174,lorentzenchr,APPROVED,2026-06-01
34174,lucyleeow,APPROVED,2026-06-02
34179,OmarManzoor,APPROVED,2026-06-10
34179,OmarManzoor,COMMENTED,2026-06-09
34179,OmarManzoor,COMMENTED,2026-06-10
34179,StefanieSenger,COMMENTED,2026-06-02
34179,StefanieSenger,COMMENTED,2026-06-04
34179,StefanieSenger,COMMENTED,2026-06-07
34179,StefanieSenger,COMMENTED,2026-06-09
34179,StefanieSenger,COMMENTED,2026-06-10
34179,StefanieSenger,COMMENTED,2026-06-10
34179,StefanieSenger,COMMENTED,2026-06-10
34179,adrinjalali,APPROVED,2026-06-10
34179,adrinjalali,COMMENTED,2026-06-09
34179,adrinjalali,COMMENTED,2026-06-09
34179,adrinjalali,COMMENTED,2026-06-10
34179,adrinjalali,COMMENTED,2026-06-10
34181,StefanieSenger,APPROVED,2026-06-02
34182,betatim,APPROVED,2026-06-03
34182,virchan,APPROVED,2026-06-02
34183,AnneBeyer,APPROVED,2026-06-03
34183,lorentzenchr,APPROVED,2026-06-13
34187,itamarst,COMMENTED,2026-06-08
34187,itamarst,COMMENTED,2026-06-08
34187,ogrisel,APPROVED,2026-06-04
34187,thomasjpfan,APPROVED,2026-06-09
34187,thomasjpfan,COMMENTED,2026-06-07
34188,adrinjalali,APPROVED,2026-06-03
34192,ArturoAmorQ,APPROVED,2026-06-05
34192,ArturoAmorQ,COMMENTED,2026-06-04
34192,ArturoAmorQ,COMMENTED,2026-06-04
34201,adrinjalali,APPROVED,2026-06-08
34205,StefanieSenger,COMMENTED,2026-06-08
34205,jeremiedbb,COMMENTED,2026-06-08
34205,ogrisel,APPROVED,2026-06-09
34207,jeremiedbb,APPROVED,2026-06-08
34208,jeremiedbb,APPROVED,2026-06-08
34209,jeremiedbb,APPROVED,2026-06-08
34210,jeremiedbb,APPROVED,2026-06-08
34211,AnneBeyer,APPROVED,2026-06-09
34211,AnneBeyer,COMMENTED,2026-06-08
34211,AnneBeyer,COMMENTED,2026-06-08
34211,AnneBeyer,COMMENTED,2026-06-08
34211,AnneBeyer,COMMENTED,2026-06-08
34211,AnneBeyer,COMMENTED,2026-06-08
34211,AnneBeyer,COMMENTED,2026-06-09
34211,jeremiedbb,COMMENTED,2026-06-08
34211,jeremiedbb,COMMENTED,2026-06-08
34211,jeremiedbb,COMMENTED,2026-06-08
34211,jeremiedbb,COMMENTED,2026-06-09
34211,virchan,APPROVED,2026-06-09
34211,virchan,COMMENTED,2026-06-08
34213,StefanieSenger,APPROVED,2026-06-08
34214,GaelVaroquaux,APPROVED,2026-06-11
34214,GaelVaroquaux,APPROVED,2026-06-11
34214,GaelVaroquaux,COMMENTED,2026-06-09
34214,GaelVaroquaux,COMMENTED,2026-06-09
34214,GaelVaroquaux,COMMENTED,2026-06-11
34214,StefanieSenger,APPROVED,2026-06-10
34214,StefanieSenger,COMMENTED,2026-06-09
34214,StefanieSenger,COMMENTED,2026-06-10
34214,glemaitre,COMMENTED,2026-06-10
34214,glemaitre,COMMENTED,2026-06-11
34214,glemaitre,COMMENTED,2026-06-11
34214,glemaitre,COMMENTED,2026-06-11
34214,glemaitre,COMMENTED,2026-06-11
34216,StefanieSenger,APPROVED,2026-06-08
34223,ArturoAmorQ,APPROVED,2026-06-10
34223,shipitdev,APPROVED,2026-06-10
34223,shipitdev,COMMENTED,2026-06-09
34224,OmarManzoor,APPROVED,2026-06-09
34224,adrinjalali,APPROVED,2026-06-09
34229,virchan,APPROVED,2026-06-09
34231,betatim,APPROVED,2026-06-11
34231,virchan,APPROVED,2026-06-11
34231,virchan,COMMENTED,2026-06-10
34236,StefanieSenger,COMMENTED,2026-06-10
34236,adrinjalali,APPROVED,2026-06-12
34236,adrinjalali,COMMENTED,2026-06-10
34236,glemaitre,APPROVED,2026-06-12
34236,glemaitre,COMMENTED,2026-06-10
34237,adrinjalali,APPROVED,2026-06-11
34241,AnneBeyer,APPROVED,2026-06-10
34241,virchan,APPROVED,2026-06-10
34245,ogrisel,APPROVED,2026-06-11
34247,glemaitre,COMMENTED,2026-06-12
34247,thomasjpfan,APPROVED,2026-06-12
34247,thomasjpfan,COMMENTED,2026-06-11
34247,virchan,APPROVED,2026-06-12
34247,virchan,COMMENTED,2026-06-12
34250,betatim,APPROVED,2026-06-11
34250,betatim,COMMENTED,2026-06-11
34250,glemaitre,COMMENTED,2026-06-11
34250,glemaitre,COMMENTED,2026-06-11
34250,thomasjpfan,APPROVED,2026-06-11
34250,thomasjpfan,COMMENTED,2026-06-11
34251,thomasjpfan,APPROVED,2026-06-11
34251,thomasjpfan,APPROVED,2026-06-11
34255,adrinjalali,APPROVED,2026-06-13
34256,glemaitre,APPROVED,2026-06-11
34256,ogrisel,APPROVED,2026-06-12
34256,thomasjpfan,APPROVED,2026-06-11
34262,GaelVaroquaux,APPROVED,2026-06-12
34262,ogrisel,APPROVED,2026-06-12
34263,adrinjalali,APPROVED,2026-06-12
34263,ogrisel,APPROVED,2026-06-12
34265,cakedev0,APPROVED,2026-06-12
34265,jeremiedbb,APPROVED,2026-06-12
34265,thomasjpfan,APPROVED,2026-06-12
34269,jeremiedbb,APPROVED,2026-06-12
34269,ogrisel,APPROVED,2026-06-12
34269,rth,COMMENTED,2026-06-12
34271,jeremiedbb,APPROVED,2026-06-12
34285,OmarManzoor,APPROVED,2026-06-19
34285,OmarManzoor,COMMENTED,2026-06-18
34287,AnneBeyer,APPROVED,2026-06-16
34287,OmarManzoor,APPROVED,2026-06-17
34288,OmarManzoor,APPROVED,2026-06-18
34288,lorentzenchr,COMMENTED,2026-06-17
34288,shipitdev,CHANGES_REQUESTED,2026-06-15
34288,virchan,APPROVED,2026-06-15
34288,virchan,APPROVED,2026-06-15
34294,ogrisel,APPROVED,2026-06-16
34295,ogrisel,APPROVED,2026-06-16
34296,ogrisel,APPROVED,2026-06-16
34297,ogrisel,APPROVED,2026-06-16
34300,AnneBeyer,APPROVED,2026-06-15
34300,MarcoGorelli,COMMENTED,2026-06-15
34300,MarcoGorelli,COMMENTED,2026-06-15
34300,ogrisel,APPROVED,2026-06-15
34300,ogrisel,COMMENTED,2026-06-15
34300,ogrisel,COMMENTED,2026-06-15
34300,ogrisel,COMMENTED,2026-06-15
34300,virchan,APPROVED,2026-06-16
34321,OmarManzoor,COMMENTED,2026-06-17
34321,OmarManzoor,COMMENTED,2026-06-18
34321,lorentzenchr,APPROVED,2026-06-17
34321,lorentzenchr,APPROVED,2026-06-18
34323,lorentzenchr,APPROVED,2026-06-17
34331,ogrisel,APPROVED,2026-06-18
34336,OmarManzoor,APPROVED,2026-06-19
34336,OmarManzoor,COMMENTED,2026-06-19
34336,OmarManzoor,COMMENTED,2026-06-19
34336,lorentzenchr,COMMENTED,2026-06-19
34346,virchan,APPROVED,2026-06-20
