date,author
2014-01-14,wmayner
2014-01-16,wmayner
2014-01-16,wmayner
2014-01-16,wmayner
2014-01-16,wmayner
2014-01-16,wmayner
2014-01-16,wmayner
2014-01-17,wmayner
2014-01-17,wmayner
2014-01-17,wmayner
2014-01-17,wmayner
2014-01-17,wmayner
2014-01-17,wmayner
2014-01-17,wmayner
2014-01-17,wmayner
2014-01-20,wmayner
2014-01-20,wmayner
2014-01-21,wmayner
2014-01-21,wmayner
2014-01-21,wmayner
2014-01-21,wmayner
2014-01-21,wmayner
2014-01-21,wmayner
2014-01-21,wmayner
2014-01-22,wmayner
2014-01-22,wmayner
2014-01-22,wmayner
2014-01-23,wmayner
2014-01-23,wmayner
2014-01-28,wmayner
2014-01-28,wmayner
2014-01-28,wmayner
2014-01-28,wmayner
2014-01-28,wmayner
2014-01-28,wmayner
2014-01-30,wmayner
2014-01-30,wmayner
2014-01-30,wmayner
2014-02-06,wmayner
2014-02-11,wmayner
2014-02-11,wmayner
2014-02-11,wmayner
2014-02-11,wmayner
2014-02-14,wmayner
2014-02-25,wmayner
2014-02-25,wmayner
2014-02-26,wmayner
2014-02-26,wmayner
2014-03-05,wmayner
2014-03-05,wmayner
2014-03-05,wmayner
2014-03-06,wmayner
2014-03-06,wmayner
2014-03-06,wmayner
2014-03-07,wmayner
2014-03-07,wmayner
2014-03-07,wmayner
2014-03-07,wmayner
2014-03-07,wmayner
2014-03-07,wmayner
2014-03-07,wmayner
2014-03-07,wmayner
2014-03-07,wmayner
2014-03-07,wmayner
2014-03-12,wmayner
2014-03-12,wmayner
2014-03-12,wmayner
2014-03-23,wmayner
2014-03-23,wmayner
2014-03-23,wmayner
2014-03-23,wmayner
2014-03-24,wmayner
2014-03-24,wmayner
2014-03-24,wmayner
2014-03-24,wmayner
2014-03-24,wmayner
2014-03-24,wmayner
2014-03-24,wmayner
2014-03-24,wmayner
2014-03-24,wmayner
2014-03-24,wmayner
2014-03-24,wmayner
2014-03-24,wmayner
2014-03-24,wmayner
2014-03-25,wmayner
2014-03-25,wmayner
2014-03-25,wmayner
2014-03-25,wmayner
2014-03-25,wmayner
2014-03-25,wmayner
2014-03-25,wmayner
2014-03-25,wmayner
2014-03-25,wmayner
2014-03-25,wmayner
2014-03-25,wmayner
2014-03-26,wmayner
2014-03-26,wmayner
2014-03-26,wmayner
2014-03-26,wmayner
2014-03-26,wmayner
2014-03-26,wmayner
2014-03-26,wmayner
2014-03-28,wmayner
2014-03-28,wmayner
2014-03-28,wmayner
2014-03-28,wmayner
2014-03-28,wmayner
2014-03-28,wmayner
2014-03-31,wmayner
2014-03-31,wmayner
2014-03-31,wmayner
2014-03-31,wmayner
2014-03-31,wmayner
2014-04-01,wmayner
2014-04-04,wmayner
2014-04-04,wmayner
2014-04-04,wmayner
2014-04-04,wmayner
2014-04-04,wmayner
2014-04-04,wmayner
2014-04-04,wmayner
2014-04-04,wmayner
2014-04-04,wmayner
2014-04-04,wmayner
2014-04-04,wmayner
2014-04-04,wmayner
2014-04-04,wmayner
2014-04-04,wmayner
2014-04-04,wmayner
2014-04-04,wmayner
2014-04-04,wmayner
2014-04-04,wmayner
2014-04-05,wmayner
2014-04-05,wmayner
2014-04-05,wmayner
2014-04-05,wmayner
2014-04-05,wmayner
2014-04-05,wmayner
2014-04-05,wmayner
2014-04-07,wmayner
2014-04-07,wmayner
2014-04-07,wmayner
2014-04-07,wmayner
2014-04-07,wmayner
2014-04-07,wmayner
2014-04-07,wmayner
2014-04-07,wmayner
2014-04-07,wmayner
2014-04-07,wmayner
2014-04-07,wmayner
2014-04-07,wmayner
2014-04-08,wmayner
2014-04-08,wmayner
2014-04-08,wmayner
2014-04-08,wmayner
2014-04-08,wmayner
2014-04-08,wmayner
2014-04-08,wmayner
2014-04-08,wmayner
2014-04-08,wmayner
2014-04-08,wmayner
2014-04-08,wmayner
2014-04-09,wmayner
2014-04-09,wmayner
2014-04-09,wmayner
2014-04-09,wmayner
2014-04-10,wmayner
2014-04-10,wmayner
2014-04-10,wmayner
2014-04-10,wmayner
2014-04-10,wmayner
2014-04-10,wmayner
2014-04-10,wmayner
2014-04-10,wmayner
2014-04-11,wmayner
2014-04-11,wmayner
2014-04-11,wmayner
2014-04-11,wmayner
2014-04-11,wmayner
2014-04-11,wmayner
2014-04-11,wmayner
2014-04-11,wmayner
2014-04-14,wmayner
2014-04-14,wmayner
2014-04-14,wmayner
2014-04-14,wmayner
2014-04-17,wmayner
2014-04-17,wmayner
2014-04-17,wmayner
2014-04-17,wmayner
2014-04-17,wmayner
2014-04-17,wmayner
2014-04-17,wmayner
2014-04-17,wmayner
2014-04-17,wmayner
2014-04-17,wmayner
2014-04-17,wmayner
2014-04-17,wmayner
2014-04-17,wmayner
2014-04-17,wmayner
2014-04-17,wmayner
2014-04-18,wmayner
2014-04-18,wmayner
2014-04-18,wmayner
2014-04-18,wmayner
2014-04-19,wmayner
2014-04-19,wmayner
2014-04-19,wmayner
2014-04-19,wmayner
2014-04-19,wmayner
2014-04-19,wmayner
2014-04-19,wmayner
2014-04-19,wmayner
2014-04-19,wmayner
2014-04-19,wmayner
2014-04-20,wmayner
2014-04-20,wmayner
2014-04-21,wmayner
2014-04-21,wmayner
2014-04-21,wmayner
2014-04-21,wmayner
2014-04-21,wmayner
2014-04-21,wmayner
2014-04-21,wmayner
2014-04-21,wmayner
2014-04-21,wmayner
2014-04-21,wmayner
2014-04-21,wmayner
2014-04-21,wmayner
2014-04-22,wmayner
2014-04-22,wmayner
2014-04-22,wmayner
2014-04-22,wmayner
2014-04-22,wmayner
2014-04-22,wmayner
2014-04-23,wmayner
2014-04-23,wmayner
2014-04-23,wmayner
2014-04-23,wmayner
2014-04-23,wmayner
2014-04-23,wmayner
2014-04-23,wmayner
2014-04-23,wmayner
2014-04-25,wmayner
2014-04-25,wmayner
2014-04-25,wmayner
2014-04-25,wmayner
2014-04-25,wmayner
2014-04-25,wmayner
2014-04-25,wmayner
2014-04-25,wmayner
2014-04-25,wmayner
2014-04-26,wmayner
2014-04-26,wmayner
2014-04-26,wmayner
2014-04-26,wmayner
2014-04-26,wmayner
2014-04-26,wmayner
2014-04-28,wmayner
2014-04-28,wmayner
2014-04-28,wmayner
2014-04-28,wmayner
2014-04-28,wmayner
2014-04-28,wmayner
2014-04-28,wmayner
2014-04-28,wmayner
2014-04-28,wmayner
2014-04-28,wmayner
2014-04-28,wmayner
2014-04-28,wmayner
2014-04-28,wmayner
2014-04-30,wmayner
2014-04-30,wmayner
2014-04-30,wmayner
2014-04-30,wmayner
2014-04-30,wmayner
2014-04-30,wmayner
2014-04-30,wmayner
2014-04-30,wmayner
2014-05-01,wmayner
2014-05-01,wmayner
2014-05-01,wmayner
2014-05-01,wmayner
2014-05-01,wmayner
2014-05-02,wmayner
2014-05-02,wmayner
2014-05-02,wmayner
2014-05-02,wmayner
2014-05-02,wmayner
2014-05-02,wmayner
2014-05-02,wmayner
2014-05-02,wmayner
2014-05-02,wmayner
2014-05-02,wmayner
2014-05-02,wmayner
2014-05-02,wmayner
2014-05-02,wmayner
2014-05-02,wmayner
2014-05-02,wmayner
2014-05-02,wmayner
2014-05-03,wmayner
2014-05-03,wmayner
2014-05-03,wmayner
2014-05-05,wmayner
2014-05-05,wmayner
2014-05-05,wmayner
2014-05-05,wmayner
2014-05-05,wmayner
2014-05-05,wmayner
2014-05-05,wmayner
2014-05-05,wmayner
2014-05-06,wmayner
2014-05-06,wmayner
2014-05-06,wmayner
2014-05-06,wmayner
2014-05-06,wmayner
2014-05-06,wmayner
2014-05-06,wmayner
2014-05-06,wmayner
2014-05-06,wmayner
2014-05-06,wmayner
2014-05-06,wmayner
2014-05-06,wmayner
2014-05-06,wmayner
2014-05-06,wmayner
2014-05-07,wmayner
2014-05-07,wmayner
2014-05-07,wmayner
2014-05-09,wmayner
2014-05-09,wmayner
2014-05-09,wmayner
2014-05-14,wmayner
2014-05-14,wmayner
2014-05-15,wmayner
2014-05-15,wmayner
2014-05-15,wmayner
2014-05-15,wmayner
2014-05-15,wmayner
2014-05-15,wmayner
2014-05-15,wmayner
2014-05-15,wmayner
2014-05-15,wmayner
2014-05-15,wmayner
2014-05-15,wmayner
2014-05-15,wmayner
2014-05-16,wmayner
2014-05-16,wmayner
2014-05-16,wmayner
2014-05-16,wmayner
2014-05-16,wmayner
2014-05-16,wmayner
2014-05-16,wmayner
2014-05-16,wmayner
2014-05-16,wmayner
2014-05-16,wmayner
2014-05-16,wmayner
2014-05-16,wmayner
2014-05-17,wmayner
2014-05-17,wmayner
2014-05-17,wmayner
2014-05-17,wmayner
2014-05-18,wmayner
2014-05-19,wmayner
2014-05-19,wmayner
2014-05-19,wmayner
2014-05-19,wmayner
2014-05-19,wmayner
2014-05-19,wmayner
2014-05-19,wmayner
2014-05-19,wmayner
2014-05-19,wmayner
2014-05-19,wmayner
2014-05-19,wmayner
2014-05-19,wmayner
2014-05-19,wmayner
2014-05-19,wmayner
2014-05-19,wmayner
2014-05-19,wmayner
2014-05-19,wmayner
2014-05-19,wmayner
2014-05-19,wmayner
2014-05-19,wmayner
2014-05-19,wmayner
2014-05-19,wmayner
2014-05-29,wmayner
2014-05-29,wmayner
2014-05-29,wmayner
2014-05-29,wmayner
2014-05-29,wmayner
2014-05-29,wmayner
2014-05-29,wmayner
2014-05-29,wmayner
2014-05-29,wmayner
2014-05-29,wmayner
2014-05-29,wmayner
2014-05-30,wmayner
2014-05-30,wmayner
2014-05-30,wmayner
2014-05-30,wmayner
2014-05-30,wmayner
2014-05-30,wmayner
2014-05-30,wmayner
2014-05-30,wmayner
2014-05-30,wmayner
2014-05-30,wmayner
2014-05-30,wmayner
2014-05-31,wmayner
2014-05-31,wmayner
2014-05-31,wmayner
2014-06-01,wmayner
2014-06-01,wmayner
2014-06-02,wmayner
2014-06-02,wmayner
2014-06-02,wmayner
2014-06-02,wmayner
2014-06-02,wmayner
2014-06-02,wmayner
2014-06-02,wmayner
2014-06-02,wmayner
2014-06-02,wmayner
2014-06-02,wmayner
2014-06-02,wmayner
2014-06-02,wmayner
2014-06-02,wmayner
2014-06-02,wmayner
2014-06-02,wmayner
2014-06-02,wmayner
2014-06-02,wmayner
2014-06-02,wmayner
2014-06-02,wmayner
2014-06-03,wmayner
2014-06-03,wmayner
2014-06-03,wmayner
2014-06-03,wmayner
2014-06-03,wmayner
2014-06-04,wmayner
2014-06-04,wmayner
2014-06-05,wmayner
2014-06-06,wmayner
2014-06-06,wmayner
2014-06-06,wmayner
2014-06-06,wmayner
2014-06-06,wmayner
2014-06-06,wmayner
2014-06-06,wmayner
2014-06-06,wmayner
2014-06-06,wmayner
2014-06-06,wmayner
2014-06-06,wmayner
2014-06-06,wmayner
2014-06-06,wmayner
2014-06-09,wmayner
2014-06-09,wmayner
2014-06-09,wmayner
2014-06-09,wmayner
2014-06-09,wmayner
2014-06-12,wmayner
2014-06-12,wmayner
2014-06-12,wmayner
2014-06-12,wmayner
2014-06-12,wmayner
2014-06-17,wmayner
2014-06-17,wmayner
2014-06-17,wmayner
2014-06-17,wmayner
2014-06-17,wmayner
2014-06-17,wmayner
2014-06-17,wmayner
2014-06-17,wmayner
2014-06-17,wmayner
2014-06-17,wmayner
2014-06-17,wmayner
2014-06-17,wmayner
2014-06-17,wmayner
2014-06-17,wmayner
2014-06-17,wmayner
2014-06-17,wmayner
2014-06-17,wmayner
2014-06-17,wmayner
2014-06-17,wmayner
2014-06-19,wmayner
2014-06-19,wmayner
2014-06-21,wmayner
2014-06-23,wmayner
2014-06-23,wmayner
2014-06-24,wmayner
2014-06-25,wmayner
2014-06-26,wmayner
2014-06-26,wmayner
2014-06-26,wmayner
2014-06-26,wmayner
2014-06-26,wmayner
2014-06-30,wmayner
2014-06-30,wmayner
2014-06-30,wmayner
2014-06-30,wmayner
2014-06-30,wmayner
2014-06-30,wmayner
2014-06-30,wmayner
2014-06-30,wmayner
2014-06-30,wmayner
2014-06-30,wmayner
2014-06-30,wmayner
2014-06-30,wmayner
2014-06-30,wmayner
2014-06-30,wmayner
2014-07-01,wmayner
2014-07-01,wmayner
2014-07-01,wmayner
2014-07-01,wmayner
2014-07-02,wmayner
2014-07-02,wmayner
2014-07-04,wmayner
2014-07-04,wmayner
2014-07-07,wmayner
2014-07-07,wmayner
2014-07-07,wmayner
2014-07-07,wmayner
2014-07-09,wmayner
2014-07-09,wmayner
2014-07-09,wmayner
2014-07-09,wmayner
2014-07-09,wmayner
2014-07-09,wmayner
2014-07-09,wmayner
2014-07-10,wmayner
2014-07-10,wmayner
2014-07-10,wmayner
2014-07-10,wmayner
2014-07-11,wmayner
2014-07-11,wmayner
2014-07-15,wmayner
2014-07-15,wmayner
2014-07-15,wmayner
2014-07-15,wmayner
2014-07-15,wmayner
2014-07-15,wmayner
2014-07-15,wmayner
2014-07-15,wmayner
2014-07-15,wmayner
2014-07-15,wmayner
2014-07-15,wmayner
2014-07-15,wmayner
2014-07-16,wmayner
2014-07-16,wmayner
2014-07-16,wmayner
2014-07-16,wmayner
2014-07-16,wmayner
2014-07-16,wmayner
2014-07-16,wmayner
2014-07-16,wmayner
2014-07-16,wmayner
2014-07-16,wmayner
2014-07-16,wmayner
2014-07-16,wmayner
2014-07-16,wmayner
2014-07-17,wmayner
2014-07-17,wmayner
2014-07-18,wmayner
2014-07-18,wmayner
2014-07-18,wmayner
2014-07-18,wmayner
2014-07-18,wmayner
2014-07-18,wmayner
2014-07-22,wmayner
2014-07-22,wmayner
2014-07-22,wmayner
2014-07-23,wmayner
2014-07-23,wmayner
2014-07-23,wmayner
2014-07-23,wmayner
2014-07-23,wmayner
2014-07-25,wmayner
2014-07-25,wmayner
2014-07-25,wmayner
2014-07-25,wmayner
2014-07-25,wmayner
2014-07-30,wmayner
2014-07-30,wmayner
2014-07-30,wmayner
2014-07-30,wmayner
2014-07-30,wmayner
2014-07-30,wmayner
2014-07-30,wmayner
2014-07-30,wmayner
2014-07-30,wmayner
2014-07-30,wmayner
2014-07-31,wmayner
2014-07-31,wmayner
2014-07-31,wmayner
2014-07-31,wmayner
2014-07-31,wmayner
2014-07-31,wmayner
2014-07-31,wmayner
2014-07-31,wmayner
2014-07-31,wmayner
2014-08-01,wmayner
2014-08-01,wmayner
2014-08-01,wmayner
2014-08-01,wmayner
2014-08-01,wmayner
2014-08-02,wmayner
2014-08-02,wmayner
2014-08-02,wmayner
2014-08-02,wmayner
2014-08-02,wmayner
2014-08-02,wmayner
2014-08-04,wmayner
2014-08-04,wmayner
2014-08-04,wmayner
2014-08-04,wmayner
2014-08-06,wmayner
2014-08-06,wmayner
2014-08-06,wmayner
2014-08-06,wmayner
2014-08-08,wmayner
2014-08-08,wmayner
2014-08-08,wmayner
2014-08-08,wmayner
2014-08-08,wmayner
2014-08-11,wmayner
2014-08-11,wmayner
2014-08-11,wmayner
2014-08-14,wmayner
2014-08-14,wmayner
2014-08-15,wmayner
2014-08-15,wmayner
2014-08-15,wmayner
2014-08-17,wmayner
2014-08-18,wmayner
2014-08-18,wmayner
2014-08-18,wmayner
2014-08-18,wmayner
2014-08-18,wmayner
2014-08-18,wmayner
2014-08-18,wmayner
2014-09-04,wmayner
2014-09-04,wmayner
2014-09-08,wmayner
2014-10-07,wmayner
2014-10-07,wmayner
2014-10-07,wmayner
2014-10-07,wmayner
2014-10-07,wmayner
2014-10-07,wmayner
2014-10-08,wmayner
2014-10-08,wmayner
2014-10-08,wmayner
2014-10-08,wmayner
2014-10-08,wmayner
2014-10-08,wmayner
2014-10-08,wmayner
2014-10-08,wmayner
2014-10-08,wmayner
2014-10-08,wmayner
2014-10-08,wmayner
2014-10-08,wmayner
2014-10-08,wmayner
2014-10-08,wmayner
2014-10-08,wmayner
2014-10-08,wmayner
2014-10-08,wmayner
2014-10-09,wmayner
2014-10-09,wmayner
2014-10-09,wmayner
2014-10-09,wmayner
2014-10-09,wmayner
2014-10-09,wmayner
2014-10-09,wmayner
2014-10-09,wmayner
2014-10-09,wmayner
2014-10-09,wmayner
2014-10-09,wmayner
2014-10-09,wmayner
2014-10-09,wmayner
2014-10-09,wmayner
2014-10-09,wmayner
2014-10-09,wmayner
2014-10-09,wmayner
2014-10-09,wmayner
2014-10-09,wmayner
2014-10-09,wmayner
2014-10-09,wmayner
2014-10-09,wmayner
2014-10-09,wmayner
2014-10-09,wmayner
2014-10-09,wmayner
2014-10-09,wmayner
2014-10-09,wmayner
2014-10-09,wmayner
2014-10-09,wmayner
2014-10-09,wmayner
2014-10-09,wmayner
2014-10-09,wmayner
2014-10-09,wmayner
2014-10-09,wmayner
2014-10-09,wmayner
2014-10-09,wmayner
2014-10-10,wmayner
2014-10-10,wmayner
2014-10-10,wmayner
2014-10-10,wmayner
2014-10-10,wmayner
2014-10-10,wmayner
2014-10-10,wmayner
2014-10-10,wmayner
2014-10-10,wmayner
2014-10-15,wmayner
2014-10-15,wmayner
2014-10-15,wmayner
2014-10-15,wmayner
2014-10-15,wmayner
2014-10-16,wmayner
2014-10-16,wmayner
2014-10-16,wmayner
2014-10-16,wmayner
2014-10-16,wmayner
2014-10-16,wmayner
2014-10-16,wmayner
2014-10-16,wmayner
2014-10-16,wmayner
2014-10-16,wmayner
2014-10-16,wmayner
2014-10-16,wmayner
2014-10-16,wmayner
2014-10-16,wmayner
2014-10-16,wmayner
2014-10-16,wmayner
2014-10-16,wmayner
2014-10-16,wmayner
2014-10-17,wmayner
2014-10-17,wmayner
2014-10-20,wmayner
2014-10-20,wmayner
2014-10-20,wmayner
2014-10-23,wmayner
2014-11-03,wmayner
2014-11-04,William Marshall
2014-11-04,wmayner
2014-11-05,wmayner
2014-11-05,wmayner
2014-11-06,wmayner
2014-11-06,wmayner
2014-11-06,wmayner
2014-12-04,wmayner
2014-12-10,wmayner
2014-12-11,wmayner
2014-12-11,wmayner
2014-12-11,wmayner
2014-12-11,wmayner
2014-12-11,wmayner
2014-12-11,wmayner
2014-12-11,wmayner
2014-12-11,wmayner
2014-12-12,wmayner
2014-12-12,wmayner
2014-12-12,wmayner
2014-12-12,wmayner
2014-12-12,wmayner
2014-12-15,wmayner
2014-12-15,wmayner
2014-12-15,wmayner
2014-12-16,William Marshall
2014-12-16,William Marshall
2014-12-16,William Marshall
2014-12-16,William Marshall
2014-12-16,William Marshall
2014-12-16,William Marshall
2014-12-16,wmayner
2014-12-16,wmayner
2014-12-16,wmayner
2014-12-16,wmayner
2014-12-17,William Marshall
2014-12-17,wmayner
2014-12-17,wmayner
2014-12-18,William Marshall
2014-12-18,William Marshall
2014-12-18,William Marshall
2014-12-18,wmayner
2014-12-18,wmayner
2014-12-18,wmayner
2014-12-18,wmayner
2014-12-18,wmayner
2014-12-18,wmayner
2014-12-18,wmayner
2014-12-18,wmayner
2014-12-18,wmayner
2014-12-18,wmayner
2014-12-19,William Marshall
2014-12-19,William Marshall
2014-12-20,wmayner
2014-12-20,wmayner
2014-12-20,wmayner
2014-12-20,wmayner
2014-12-20,wmayner
2014-12-29,William Marshall
2014-12-29,William Marshall
2014-12-29,William Marshall
2015-01-02,William Marshall
2015-01-07,William Marshall
2015-01-08,William Marshall
2015-01-16,William Marshall
2015-01-16,William Marshall
2015-01-16,William Marshall
2015-01-20,William Marshall
2015-01-20,wmayner
2015-01-20,wmayner
2015-01-20,wmayner
2015-01-20,wmayner
2015-01-21,William Marshall
2015-01-21,wmayner
2015-01-21,wmayner
2015-01-21,wmayner
2015-01-21,wmayner
2015-01-21,wmayner
2015-01-21,wmayner
2015-01-21,wmayner
2015-01-22,wmayner
2015-01-22,wmayner
2015-01-22,wmayner
2015-01-22,wmayner
2015-01-22,wmayner
2015-01-22,wmayner
2015-01-22,wmayner
2015-01-27,William Marshall
2015-01-27,William Marshall
2015-01-27,William Marshall
2015-01-29,William Marshall
2015-01-29,William Marshall
2015-02-02,William Marshall
2015-02-02,William Marshall
2015-02-05,William Marshall
2015-02-05,William Marshall
2015-02-05,wmayner
2015-02-05,wmayner
2015-02-05,wmayner
2015-02-05,wmayner
2015-02-05,wmayner
2015-02-05,wmayner
2015-02-05,wmayner
2015-02-05,wmayner
2015-02-05,wmayner
2015-02-10,wmayner
2015-02-10,wmayner
2015-02-10,wmayner
2015-02-11,wmayner
2015-02-11,wmayner
2015-02-11,wmayner
2015-02-11,wmayner
2015-02-12,William Marshall
2015-02-12,wmayner
2015-02-12,wmayner
2015-02-12,wmayner
2015-02-12,wmayner
2015-02-13,wmayner
2015-02-13,wmayner
2015-02-13,wmayner
2015-02-16,wmayner
2015-02-16,wmayner
2015-02-16,wmayner
2015-02-17,wmayner
2015-02-17,wmayner
2015-02-17,wmayner
2015-02-17,wmayner
2015-02-17,wmayner
2015-02-17,wmayner
2015-02-17,wmayner
2015-02-17,wmayner
2015-02-17,wmayner
2015-02-17,wmayner
2015-02-17,wmayner
2015-02-17,wmayner
2015-02-17,wmayner
2015-02-17,wmayner
2015-02-17,wmayner
2015-02-17,wmayner
2015-02-17,wmayner
2015-02-19,wmayner
2015-02-19,wmayner
2015-02-20,William Marshall
2015-02-20,wmayner
2015-02-20,wmayner
2015-02-20,wmayner
2015-02-20,wmayner
2015-02-20,wmayner
2015-02-20,wmayner
2015-02-20,wmayner
2015-02-20,wmayner
2015-02-20,wmayner
2015-02-20,wmayner
2015-02-20,wmayner
2015-02-20,wmayner
2015-02-20,wmayner
2015-02-20,wmayner
2015-02-20,wmayner
2015-02-22,wmayner
2015-02-23,William Marshall
2015-02-23,William Marshall
2015-02-23,William Marshall
2015-02-23,William Marshall
2015-02-23,wmayner
2015-02-23,wmayner
2015-02-23,wmayner
2015-02-23,wmayner
2015-02-23,wmayner
2015-02-23,wmayner
2015-02-23,wmayner
2015-02-23,wmayner
2015-02-23,wmayner
2015-02-23,wmayner
2015-02-24,William Marshall
2015-02-24,William Marshall
2015-02-24,William Marshall
2015-02-24,William Marshall
2015-02-24,William Marshall
2015-02-24,wmayner
2015-02-24,wmayner
2015-02-24,wmayner
2015-02-24,wmayner
2015-02-24,wmayner
2015-02-24,wmayner
2015-02-24,wmayner
2015-02-24,wmayner
2015-02-24,wmayner
2015-02-24,wmayner
2015-02-24,wmayner
2015-02-24,wmayner
2015-02-25,William Marshall
2015-02-25,William Marshall
2015-02-25,William Marshall
2015-02-25,wmayner
2015-02-25,wmayner
2015-02-25,wmayner
2015-02-25,wmayner
2015-02-25,wmayner
2015-02-25,wmayner
2015-02-26,William Marshall
2015-02-26,William Marshall
2015-02-26,William Marshall
2015-02-27,William Marshall
2015-02-27,wmayner
2015-02-27,wmayner
2015-02-28,wmayner
2015-02-28,wmayner
2015-02-28,wmayner
2015-02-28,wmayner
2015-02-28,wmayner
2015-03-02,wmayner
2015-03-02,wmayner
2015-03-02,wmayner
2015-03-02,wmayner
2015-03-02,wmayner
2015-03-02,wmayner
2015-03-02,wmayner
2015-03-02,wmayner
2015-03-04,wmayner
2015-03-05,William Marshall
2015-03-05,wmayner
2015-03-09,William Marshall
2015-03-09,William Marshall
2015-03-09,William Marshall
2015-03-09,William Marshall
2015-03-09,William Marshall
2015-03-10,William Marshall
2015-03-10,William Marshall
2015-03-10,William Marshall
2015-03-10,William Marshall
2015-03-10,wmayner
2015-03-10,wmayner
2015-03-11,William Marshall
2015-03-11,William Marshall
2015-03-12,William Marshall
2015-03-12,William Marshall
2015-03-12,William Marshall
2015-03-13,wmayner
2015-03-13,wmayner
2015-03-23,wmayner
2015-03-24,wmayner
2015-03-25,wmayner
2015-03-30,William Marshall
2015-03-30,William Marshall
2015-03-31,William Marshall
2015-03-31,William Marshall
2015-03-31,William Marshall
2015-03-31,William Marshall
2015-03-31,William Marshall
2015-03-31,William Marshall
2015-03-31,William Marshall
2015-03-31,William Marshall
2015-03-31,William Marshall
2015-04-09,William Marshall
2015-04-17,William Marshall
2015-04-20,wmayner
2015-04-20,wmayner
2015-04-20,wmayner
2015-04-20,wmayner
2015-04-20,wmayner
2015-04-20,wmayner
2015-04-20,wmayner
2015-04-20,wmayner
2015-04-20,wmayner
2015-04-20,wmayner
2015-04-20,wmayner
2015-04-20,wmayner
2015-04-24,wmayner
2015-04-24,wmayner
2015-04-24,wmayner
2015-04-28,wmayner
2015-04-29,wmayner
2015-04-29,wmayner
2015-04-30,William Marshall
2015-04-30,William Marshall
2015-04-30,William Marshall
2015-04-30,William Marshall
2015-04-30,wmayner
2015-04-30,wmayner
2015-04-30,wmayner
2015-04-30,wmayner
2015-04-30,wmayner
2015-04-30,wmayner
2015-04-30,wmayner
2015-04-30,wmayner
2015-05-04,William Marshall
2015-05-04,William Marshall
2015-05-04,William Marshall
2015-05-04,William Marshall
2015-05-04,William Marshall
2015-05-04,wmayner
2015-05-04,wmayner
2015-05-04,wmayner
2015-05-04,wmayner
2015-05-04,wmayner
2015-05-04,wmayner
2015-05-04,wmayner
2015-05-04,wmayner
2015-05-04,wmayner
2015-05-04,wmayner
2015-05-04,wmayner
2015-05-05,William Marshall
2015-05-05,William Marshall
2015-05-05,William Marshall
2015-05-05,William Marshall
2015-05-05,William Marshall
2015-05-05,William Marshall
2015-05-06,William Marshall
2015-05-06,William Marshall
2015-05-06,William Marshall
2015-05-07,wmayner
2015-05-07,wmayner
2015-05-07,wmayner
2015-05-07,wmayner
2015-05-07,wmayner
2015-05-07,wmayner
2015-05-07,wmayner
2015-05-07,wmayner
2015-05-07,wmayner
2015-05-07,wmayner
2015-05-07,wmayner
2015-05-08,wmayner
2015-05-08,wmayner
2015-05-08,wmayner
2015-05-08,wmayner
2015-05-08,wmayner
2015-05-08,wmayner
2015-05-08,wmayner
2015-05-08,wmayner
2015-05-08,wmayner
2015-05-08,wmayner
2015-05-08,wmayner
2015-05-08,wmayner
2015-05-11,William Marshall
2015-05-11,William Marshall
2015-05-11,wmayner
2015-05-11,wmayner
2015-05-11,wmayner
2015-05-11,wmayner
2015-05-11,wmayner
2015-05-11,wmayner
2015-05-11,wmayner
2015-05-12,wmayner
2015-05-12,wmayner
2015-05-12,wmayner
2015-05-12,wmayner
2015-05-12,wmayner
2015-05-13,William Marshall
2015-05-13,wmayner
2015-05-13,wmayner
2015-05-14,wmayner
2015-05-14,wmayner
2015-05-18,William Marshall
2015-05-18,William Marshall
2015-05-19,William Marshall
2015-06-05,William Marshall
2015-06-09,William Marshall
2015-06-09,William Marshall
2015-06-09,William Marshall
2015-06-09,William Marshall
2015-06-10,William Marshall
2015-06-16,wmayner
2015-06-16,wmayner
2015-06-18,wmayner
2015-06-18,wmayner
2015-06-18,wmayner
2015-06-18,wmayner
2015-06-18,wmayner
2015-06-18,wmayner
2015-06-18,wmayner
2015-06-18,wmayner
2015-06-18,wmayner
2015-06-18,wmayner
2015-06-19,wmayner
2015-06-19,wmayner
2015-06-19,wmayner
2015-06-19,wmayner
2015-06-19,wmayner
2015-06-19,wmayner
2015-06-19,wmayner
2015-06-19,wmayner
2015-06-19,wmayner
2015-06-19,wmayner
2015-06-19,wmayner
2015-06-19,wmayner
2015-06-19,wmayner
2015-06-19,wmayner
2015-06-19,wmayner
2015-06-19,wmayner
2015-06-19,wmayner
2015-06-19,wmayner
2015-06-19,wmayner
2015-06-19,wmayner
2015-06-19,wmayner
2015-06-19,wmayner
2015-06-19,wmayner
2015-06-19,wmayner
2015-06-19,wmayner
2015-06-19,wmayner
2015-06-19,wmayner
2015-06-19,wmayner
2015-06-19,wmayner
2015-06-19,wmayner
2015-06-19,wmayner
2015-06-19,wmayner
2015-06-19,wmayner
2015-06-19,wmayner
2015-06-19,wmayner
2015-06-22,wmayner
2015-06-22,wmayner
2015-06-22,wmayner
2015-06-23,wmayner
2015-06-23,wmayner
2015-06-23,wmayner
2015-06-23,wmayner
2015-06-23,wmayner
2015-06-23,wmayner
2015-06-25,wmayner
2015-06-29,wmayner
2015-06-29,wmayner
2015-06-29,wmayner
2015-06-30,wmayner
2015-06-30,wmayner
2015-06-30,wmayner
2015-07-01,wmayner
2015-07-01,wmayner
2015-07-01,wmayner
2015-07-01,wmayner
2015-07-01,wmayner
2015-07-01,wmayner
2015-07-02,wmayner
2015-07-02,wmayner
2015-07-09,wmayner
2015-07-22,wmayner
2015-07-22,wmayner
2015-07-22,wmayner
2015-07-22,wmayner
2015-07-23,wmayner
2015-09-08,wmayner
2015-09-08,wmayner
2015-09-08,wmayner
2015-09-08,wmayner
2015-09-08,wmayner
2015-09-08,wmayner
2015-09-08,wmayner
2015-09-08,wmayner
2015-10-12,wmayner
2015-10-12,wmayner
2015-10-12,wmayner
2015-10-12,wmayner
2015-10-20,William Marshall
2015-10-20,William Marshall
2015-10-23,William Marshall
2015-10-30,wmayner
2015-10-30,wmayner
2015-11-02,wmayner
2015-11-02,wmayner
2015-11-02,wmayner
2015-11-02,wmayner
2015-11-02,wmayner
2015-11-02,wmayner
2015-11-10,wmayner
2015-11-10,wmayner
2015-11-19,rlmv
2015-11-20,rlmv
2015-11-20,rlmv
2015-11-20,rlmv
2015-11-23,rlmv
2015-11-24,rlmv
2015-11-24,rlmv
2015-11-24,rlmv
2015-11-24,rlmv
2015-11-25,rlmv
2015-11-27,rlmv
2015-11-27,rlmv
2015-11-27,rlmv
2015-11-27,rlmv
2015-11-27,rlmv
2015-11-28,rlmv
2015-11-28,rlmv
2015-11-28,rlmv
2015-11-29,rlmv
2015-11-29,rlmv
2015-11-30,rlmv
2015-11-30,rlmv
2015-12-01,rlmv
2015-12-01,wmayner
2015-12-01,wmayner
2015-12-01,wmayner
2015-12-02,rlmv
2015-12-02,rlmv
2015-12-03,rlmv
2015-12-08,rlmv
2015-12-09,rlmv
2015-12-09,rlmv
2015-12-09,rlmv
2015-12-10,rlmv
2015-12-10,rlmv
2015-12-11,rlmv
2015-12-11,rlmv
2015-12-14,rlmv
2015-12-14,rlmv
2015-12-14,rlmv
2015-12-15,rlmv
2015-12-15,rlmv
2015-12-15,rlmv
2015-12-16,rlmv
2015-12-17,rlmv
2015-12-17,rlmv
2015-12-17,rlmv
2015-12-17,rlmv
2015-12-17,rlmv
2015-12-18,rlmv
2015-12-18,rlmv
2015-12-18,rlmv
2015-12-18,rlmv
2015-12-18,rlmv
2015-12-18,rlmv
2015-12-19,rlmv
2015-12-19,rlmv
2015-12-19,rlmv
2015-12-19,rlmv
2015-12-19,rlmv
2015-12-20,rlmv
2015-12-20,rlmv
2015-12-20,rlmv
2015-12-20,rlmv
2015-12-20,rlmv
2015-12-21,rlmv
2015-12-21,rlmv
2015-12-21,rlmv
2015-12-21,rlmv
2015-12-21,rlmv
2015-12-22,rlmv
2015-12-22,rlmv
2015-12-22,rlmv
2015-12-22,rlmv
2015-12-23,rlmv
2015-12-23,rlmv
2015-12-23,rlmv
2015-12-23,wmayner
2015-12-23,wmayner
2015-12-23,wmayner
2015-12-23,wmayner
2015-12-23,wmayner
2015-12-23,wmayner
2015-12-23,wmayner
2015-12-24,rlmv
2015-12-24,rlmv
2015-12-24,rlmv
2015-12-24,rlmv
2015-12-24,wmayner
2015-12-25,wmayner
2015-12-27,rlmv
2015-12-27,rlmv
2015-12-27,rlmv
2015-12-28,rlmv
2015-12-28,rlmv
2015-12-28,rlmv
2015-12-28,rlmv
2015-12-28,wmayner
2015-12-28,wmayner
2015-12-28,wmayner
2016-01-05,wmayner
2016-01-05,wmayner
2016-01-05,wmayner
2016-01-05,wmayner
2016-01-05,wmayner
2016-01-05,wmayner
2016-01-10,rlmv
2016-01-10,rlmv
2016-01-12,rlmv
2016-01-12,rlmv
2016-01-12,rlmv
2016-01-12,rlmv
2016-01-12,rlmv
2016-01-12,rlmv
2016-01-12,wmayner
2016-01-12,wmayner
2016-01-12,wmayner
2016-01-12,wmayner
2016-01-12,wmayner
2016-01-12,wmayner
2016-01-12,wmayner
2016-01-12,wmayner
2016-01-12,wmayner
2016-01-12,wmayner
2016-01-13,rlmv
2016-01-13,rlmv
2016-01-13,rlmv
2016-01-14,rlmv
2016-01-15,rlmv
2016-01-15,rlmv
2016-01-15,rlmv
2016-01-15,rlmv
2016-01-15,rlmv
2016-01-15,rlmv
2016-01-15,rlmv
2016-01-15,rlmv
2016-01-15,rlmv
2016-01-16,rlmv
2016-01-16,rlmv
2016-01-17,rlmv
2016-01-17,rlmv
2016-01-17,rlmv
2016-01-17,rlmv
2016-01-18,rlmv
2016-01-19,rlmv
2016-01-19,rlmv
2016-01-19,rlmv
2016-01-19,wmayner
2016-01-19,wmayner
2016-01-20,wmayner
2016-01-20,wmayner
2016-01-20,wmayner
2016-01-21,rlmv
2016-01-21,rlmv
2016-01-21,rlmv
2016-01-21,rlmv
2016-01-21,rlmv
2016-01-21,rlmv
2016-01-21,rlmv
2016-01-21,rlmv
2016-01-21,rlmv
2016-01-21,wmayner
2016-01-21,wmayner
2016-01-21,wmayner
2016-01-21,wmayner
2016-01-21,wmayner
2016-01-21,wmayner
2016-01-21,wmayner
2016-01-21,wmayner
2016-01-21,wmayner
2016-01-21,wmayner
2016-01-21,wmayner
2016-01-22,rlmv
2016-01-22,rlmv
2016-01-22,rlmv
2016-01-22,rlmv
2016-01-23,rlmv
2016-01-23,rlmv
2016-01-23,rlmv
2016-01-24,rlmv
2016-01-24,rlmv
2016-01-25,rlmv
2016-01-25,rlmv
2016-01-25,rlmv
2016-01-25,rlmv
2016-01-25,rlmv
2016-01-25,rlmv
2016-01-26,rlmv
2016-01-26,rlmv
2016-01-26,rlmv
2016-01-26,rlmv
2016-01-26,rlmv
2016-01-26,rlmv
2016-01-26,rlmv
2016-01-26,rlmv
2016-01-26,rlmv
2016-01-26,rlmv
2016-01-26,rlmv
2016-01-26,rlmv
2016-01-26,rlmv
2016-01-26,rlmv
2016-01-27,rlmv
2016-01-27,rlmv
2016-01-27,rlmv
2016-01-28,rlmv
2016-01-28,rlmv
2016-01-28,rlmv
2016-01-28,rlmv
2016-01-28,rlmv
2016-01-29,rlmv
2016-01-29,rlmv
2016-02-02,rlmv
2016-02-02,rlmv
2016-02-03,rlmv
2016-02-03,rlmv
2016-02-03,rlmv
2016-02-04,rlmv
2016-02-06,rlmv
2016-02-06,rlmv
2016-02-06,rlmv
2016-02-06,rlmv
2016-02-06,rlmv
2016-02-06,rlmv
2016-02-06,rlmv
2016-02-06,rlmv
2016-02-06,rlmv
2016-02-06,rlmv
2016-02-06,rlmv
2016-02-07,rlmv
2016-02-08,rlmv
2016-02-08,rlmv
2016-02-08,rlmv
2016-02-08,rlmv
2016-02-08,rlmv
2016-02-08,rlmv
2016-02-08,rlmv
2016-02-08,rlmv
2016-02-08,wmayner
2016-02-08,wmayner
2016-02-08,wmayner
2016-02-08,wmayner
2016-02-08,wmayner
2016-02-08,wmayner
2016-02-08,wmayner
2016-02-08,wmayner
2016-02-09,rlmv
2016-02-09,rlmv
2016-02-09,rlmv
2016-02-11,rlmv
2016-02-12,rlmv
2016-02-12,rlmv
2016-02-12,rlmv
2016-02-12,rlmv
2016-02-12,wmayner
2016-02-12,wmayner
2016-02-12,wmayner
2016-02-12,wmayner
2016-02-12,wmayner
2016-02-12,wmayner
2016-02-12,wmayner
2016-02-12,wmayner
2016-02-12,wmayner
2016-02-12,wmayner
2016-02-12,wmayner
2016-02-12,wmayner
2016-02-12,wmayner
2016-02-12,wmayner
2016-02-12,wmayner
2016-02-12,wmayner
2016-02-12,wmayner
2016-02-12,wmayner
2016-02-12,wmayner
2016-02-12,wmayner
2016-02-12,wmayner
2016-02-12,wmayner
2016-02-12,wmayner
2016-02-12,wmayner
2016-02-12,wmayner
2016-02-12,wmayner
2016-02-12,wmayner
2016-02-12,wmayner
2016-02-12,wmayner
2016-02-12,wmayner
2016-02-12,wmayner
2016-02-12,wmayner
2016-02-12,wmayner
2016-02-12,wmayner
2016-02-12,wmayner
2016-02-12,wmayner
2016-02-12,wmayner
2016-02-14,rlmv
2016-02-14,rlmv
2016-02-15,rlmv
2016-02-15,rlmv
2016-02-15,rlmv
2016-02-15,rlmv
2016-02-15,rlmv
2016-02-15,rlmv
2016-02-15,rlmv
2016-02-15,rlmv
2016-02-15,rlmv
2016-02-15,rlmv
2016-02-15,rlmv
2016-02-15,rlmv
2016-02-16,rlmv
2016-02-16,rlmv
2016-02-16,rlmv
2016-02-16,rlmv
2016-02-16,rlmv
2016-02-16,rlmv
2016-02-16,rlmv
2016-02-16,rlmv
2016-02-16,rlmv
2016-02-16,rlmv
2016-02-16,rlmv
2016-02-16,rlmv
2016-02-17,rlmv
2016-02-17,rlmv
2016-02-17,rlmv
2016-02-17,rlmv
2016-02-17,rlmv
2016-02-18,rlmv
2016-02-18,rlmv
2016-02-18,rlmv
2016-02-18,rlmv
2016-02-18,rlmv
2016-02-18,rlmv
2016-02-18,rlmv
2016-02-18,rlmv
2016-02-18,rlmv
2016-02-18,wmayner
2016-02-18,wmayner
2016-02-18,wmayner
2016-02-18,wmayner
2016-02-18,wmayner
2016-02-19,rlmv
2016-02-20,rlmv
2016-02-20,rlmv
2016-02-20,rlmv
2016-02-20,rlmv
2016-02-20,rlmv
2016-02-20,rlmv
2016-02-20,rlmv
2016-02-22,rlmv
2016-02-22,rlmv
2016-02-22,rlmv
2016-02-22,rlmv
2016-02-22,rlmv
2016-02-22,rlmv
2016-02-22,rlmv
2016-02-22,rlmv
2016-02-22,rlmv
2016-02-22,rlmv
2016-02-22,rlmv
2016-02-22,rlmv
2016-02-22,rlmv
2016-02-22,rlmv
2016-02-22,rlmv
2016-02-23,rlmv
2016-02-23,rlmv
2016-02-23,rlmv
2016-02-23,rlmv
2016-02-23,rlmv
2016-02-23,rlmv
2016-02-23,rlmv
2016-02-23,rlmv
2016-02-24,rlmv
2016-02-24,rlmv
2016-02-24,rlmv
2016-02-24,rlmv
2016-02-24,rlmv
2016-02-24,rlmv
2016-02-24,rlmv
2016-02-24,rlmv
2016-02-24,rlmv
2016-02-24,rlmv
2016-02-24,rlmv
2016-02-24,rlmv
2016-02-25,rlmv
2016-02-25,rlmv
2016-02-25,rlmv
2016-02-25,rlmv
2016-02-25,rlmv
2016-02-25,rlmv
2016-02-25,rlmv
2016-02-25,rlmv
2016-02-25,rlmv
2016-02-25,rlmv
2016-02-25,rlmv
2016-02-25,rlmv
2016-02-25,rlmv
2016-02-25,rlmv
2016-02-25,rlmv
2016-02-26,rlmv
2016-02-26,rlmv
2016-02-26,rlmv
2016-02-26,rlmv
2016-02-26,rlmv
2016-02-26,rlmv
2016-02-26,rlmv
2016-02-26,rlmv
2016-02-26,rlmv
2016-02-26,rlmv
2016-02-26,rlmv
2016-02-27,rlmv
2016-02-27,rlmv
2016-02-27,rlmv
2016-02-27,rlmv
2016-02-27,rlmv
2016-02-29,rlmv
2016-02-29,rlmv
2016-03-01,rlmv
2016-03-01,rlmv
2016-03-01,rlmv
2016-03-01,rlmv
2016-03-01,rlmv
2016-03-01,rlmv
2016-03-01,rlmv
2016-03-01,rlmv
2016-03-02,rlmv
2016-03-02,rlmv
2016-03-02,rlmv
2016-03-02,rlmv
2016-03-02,rlmv
2016-03-02,rlmv
2016-03-02,rlmv
2016-03-02,rlmv
2016-03-02,rlmv
2016-03-02,rlmv
2016-03-02,rlmv
2016-03-03,rlmv
2016-03-03,rlmv
2016-03-03,rlmv
2016-03-03,rlmv
2016-03-03,rlmv
2016-03-03,rlmv
2016-03-03,rlmv
2016-03-03,rlmv
2016-03-03,rlmv
2016-03-03,rlmv
2016-03-03,rlmv
2016-03-03,rlmv
2016-03-03,rlmv
2016-03-04,rlmv
2016-03-04,rlmv
2016-03-04,rlmv
2016-03-04,rlmv
2016-03-04,rlmv
2016-03-04,rlmv
2016-03-04,rlmv
2016-03-04,rlmv
2016-03-04,rlmv
2016-03-04,rlmv
2016-03-04,rlmv
2016-03-04,rlmv
2016-03-04,rlmv
2016-03-04,rlmv
2016-03-04,rlmv
2016-03-04,rlmv
2016-03-06,rlmv
2016-03-06,rlmv
2016-03-06,rlmv
2016-03-06,rlmv
2016-03-06,rlmv
2016-03-06,rlmv
2016-03-06,rlmv
2016-03-07,rlmv
2016-03-07,rlmv
2016-03-07,rlmv
2016-03-07,rlmv
2016-03-07,rlmv
2016-03-08,rlmv
2016-03-08,rlmv
2016-03-08,rlmv
2016-03-08,rlmv
2016-03-09,rlmv
2016-03-09,rlmv
2016-03-09,rlmv
2016-03-09,rlmv
2016-03-09,rlmv
2016-03-09,rlmv
2016-03-09,rlmv
2016-03-09,rlmv
2016-03-09,rlmv
2016-03-09,rlmv
2016-03-09,rlmv
2016-03-09,rlmv
2016-03-09,rlmv
2016-03-09,rlmv
2016-03-09,rlmv
2016-03-09,rlmv
2016-03-09,rlmv
2016-03-09,rlmv
2016-03-09,rlmv
2016-03-10,rlmv
2016-03-18,rlmv
2016-03-21,rlmv
2016-03-21,rlmv
2016-03-21,rlmv
2016-03-21,rlmv
2016-03-21,rlmv
2016-03-21,rlmv
2016-03-21,rlmv
2016-03-21,rlmv
2016-03-21,rlmv
2016-03-23,rlmv
2016-03-24,rlmv
2016-03-24,rlmv
2016-03-24,rlmv
2016-03-24,rlmv
2016-03-24,rlmv
2016-03-24,rlmv
2016-03-24,rlmv
2016-03-24,rlmv
2016-03-25,rlmv
2016-03-25,rlmv
2016-03-25,rlmv
2016-03-25,rlmv
2016-03-25,rlmv
2016-03-25,rlmv
2016-03-25,rlmv
2016-03-25,rlmv
2016-03-25,rlmv
2016-03-25,rlmv
2016-03-25,rlmv
2016-03-25,rlmv
2016-03-25,rlmv
2016-03-25,rlmv
2016-03-26,rlmv
2016-03-26,rlmv
2016-03-26,rlmv
2016-03-26,rlmv
2016-03-27,rlmv
2016-03-27,rlmv
2016-03-27,rlmv
2016-03-27,rlmv
2016-03-27,rlmv
2016-03-27,rlmv
2016-03-27,rlmv
2016-03-27,rlmv
2016-03-27,rlmv
2016-03-27,rlmv
2016-03-31,rlmv
2016-03-31,rlmv
2016-03-31,rlmv
2016-04-01,William Marshall
2016-04-01,William Marshall
2016-04-01,William Marshall
2016-04-01,William Marshall
2016-04-01,William Marshall
2016-04-01,William Marshall
2016-04-01,William Marshall
2016-04-01,William Marshall
2016-04-01,William Marshall
2016-04-01,rlmv
2016-04-01,rlmv
2016-04-01,rlmv
2016-04-12,rlmv
2016-04-12,rlmv
2016-04-12,rlmv
2016-04-12,rlmv
2016-04-20,rlmv
2016-04-20,rlmv
2016-04-20,rlmv
2016-04-20,rlmv
2016-04-21,rlmv
2016-04-21,rlmv
2016-04-27,wmayner
2016-04-27,wmayner
2016-04-29,wmayner
2016-04-30,wmayner
2016-04-30,wmayner
2016-04-30,wmayner
2016-05-01,wmayner
2016-05-01,wmayner
2016-05-01,wmayner
2016-05-01,wmayner
2016-05-04,rlmv
2016-05-04,rlmv
2016-05-04,rlmv
2016-05-04,rlmv
2016-05-04,rlmv
2016-05-04,rlmv
2016-05-04,rlmv
2016-05-04,rlmv
2016-05-04,rlmv
2016-05-05,rlmv
2016-05-05,rlmv
2016-05-06,rlmv
2016-05-06,rlmv
2016-05-06,rlmv
2016-05-06,rlmv
2016-05-08,rlmv
2016-05-08,rlmv
2016-05-08,rlmv
2016-05-08,rlmv
2016-05-08,rlmv
2016-05-08,rlmv
2016-05-08,rlmv
2016-05-08,rlmv
2016-05-10,rlmv
2016-05-10,rlmv
2016-05-18,rlmv
2016-05-18,rlmv
2016-05-18,rlmv
2016-05-18,rlmv
2016-05-19,rlmv
2016-05-19,rlmv
2016-05-19,rlmv
2016-05-31,Albantakis
2016-05-31,William Marshall
2016-05-31,William Marshall
2016-05-31,William Marshall
2016-06-01,Albantakis
2016-06-01,William Marshall
2016-06-02,wmayner
2016-06-02,wmayner
2016-06-03,rlmv
2016-06-03,rlmv
2016-06-03,rlmv
2016-06-03,rlmv
2016-06-06,rlmv
2016-06-06,rlmv
2016-06-06,rlmv
2016-06-06,rlmv
2016-06-06,rlmv
2016-06-06,rlmv
2016-06-06,rlmv
2016-06-06,rlmv
2016-06-06,rlmv
2016-06-06,rlmv
2016-06-07,rlmv
2016-06-07,rlmv
2016-06-07,rlmv
2016-06-07,rlmv
2016-06-07,rlmv
2016-06-07,rlmv
2016-06-08,rlmv
2016-06-08,rlmv
2016-06-08,rlmv
2016-06-08,rlmv
2016-06-08,rlmv
2016-06-08,rlmv
2016-06-08,rlmv
2016-06-08,rlmv
2016-06-09,rlmv
2016-06-09,rlmv
2016-06-09,rlmv
2016-06-09,rlmv
2016-06-09,rlmv
2016-06-09,rlmv
2016-06-09,rlmv
2016-06-10,rlmv
2016-06-10,rlmv
2016-06-10,rlmv
2016-06-10,rlmv
2016-06-10,rlmv
2016-06-10,rlmv
2016-06-10,rlmv
2016-06-10,rlmv
2016-06-10,rlmv
2016-06-10,rlmv
2016-06-13,rlmv
2016-06-13,rlmv
2016-06-13,rlmv
2016-06-13,rlmv
2016-06-13,rlmv
2016-06-13,rlmv
2016-06-13,rlmv
2016-06-13,rlmv
2016-06-13,rlmv
2016-06-13,rlmv
2016-06-13,rlmv
2016-06-13,rlmv
2016-06-13,rlmv
2016-06-14,rlmv
2016-06-14,rlmv
2016-06-14,rlmv
2016-06-14,rlmv
2016-06-14,wmayner
2016-06-14,wmayner
2016-06-15,rlmv
2016-06-15,rlmv
2016-06-15,rlmv
2016-06-15,rlmv
2016-06-15,rlmv
2016-06-15,rlmv
2016-06-15,wmayner
2016-06-15,wmayner
2016-06-15,wmayner
2016-06-16,rlmv
2016-06-16,rlmv
2016-06-16,rlmv
2016-06-16,rlmv
2016-06-16,rlmv
2016-06-16,rlmv
2016-06-17,rlmv
2016-06-17,rlmv
2016-06-17,rlmv
2016-06-17,rlmv
2016-06-17,rlmv
2016-06-17,rlmv
2016-06-17,rlmv
2016-06-17,rlmv
2016-06-17,rlmv
2016-06-17,rlmv
2016-06-17,rlmv
2016-06-17,rlmv
2016-06-17,rlmv
2016-06-17,rlmv
2016-06-17,rlmv
2016-06-17,rlmv
2016-06-18,rlmv
2016-06-18,rlmv
2016-06-18,rlmv
2016-06-18,rlmv
2016-06-18,rlmv
2016-06-22,rlmv
2016-06-22,rlmv
2016-06-22,rlmv
2016-06-22,rlmv
2016-06-22,rlmv
2016-06-22,rlmv
2016-06-22,rlmv
2016-06-22,rlmv
2016-06-22,rlmv
2016-06-22,rlmv
2016-06-22,rlmv
2016-06-22,rlmv
2016-06-23,rlmv
2016-06-23,rlmv
2016-06-28,rlmv
2016-06-28,rlmv
2016-06-28,rlmv
2016-06-29,rlmv
2016-06-29,rlmv
2016-06-29,rlmv
2016-06-29,rlmv
2016-06-30,rlmv
2016-06-30,rlmv
2016-06-30,rlmv
2016-07-01,rlmv
2016-07-01,rlmv
2016-07-01,rlmv
2016-07-01,rlmv
2016-07-01,rlmv
2016-07-01,rlmv
2016-07-01,rlmv
2016-07-01,rlmv
2016-07-15,rlmv
2016-07-18,rlmv
2016-07-19,rlmv
2016-07-19,rlmv
2016-07-19,rlmv
2016-07-20,rlmv
2016-07-20,rlmv
2016-07-20,rlmv
2016-07-20,rlmv
2016-07-20,rlmv
2016-07-20,rlmv
2016-07-20,rlmv
2016-07-20,rlmv
2016-07-20,rlmv
2016-07-20,rlmv
2016-07-20,rlmv
2016-07-20,rlmv
2016-07-21,wmayner
2016-07-22,rlmv
2016-07-22,rlmv
2016-07-22,rlmv
2016-07-23,rlmv
2016-07-23,rlmv
2016-07-23,rlmv
2016-08-03,rlmv
2016-08-03,rlmv
2016-08-03,rlmv
2016-08-03,rlmv
2016-08-03,rlmv
2016-08-03,rlmv
2016-08-03,rlmv
2016-08-05,rlmv
2016-08-09,wmayner
2016-08-09,wmayner
2016-08-15,rlmv
2016-08-15,rlmv
2016-08-15,rlmv
2016-08-15,rlmv
2016-08-16,rlmv
2016-08-16,rlmv
2016-08-16,rlmv
2016-08-16,rlmv
2016-08-16,rlmv
2016-08-17,rlmv
2016-08-17,rlmv
2016-08-17,rlmv
2016-08-17,rlmv
2016-08-17,rlmv
2016-08-17,rlmv
2016-08-17,rlmv
2016-08-17,rlmv
2016-08-17,rlmv
2016-08-17,rlmv
2016-08-17,rlmv
2016-08-17,rlmv
2016-08-17,rlmv
2016-08-17,rlmv
2016-08-18,rlmv
2016-08-18,rlmv
2016-08-18,rlmv
2016-08-18,rlmv
2016-08-18,rlmv
2016-08-18,rlmv
2016-08-18,rlmv
2016-08-18,rlmv
2016-08-18,rlmv
2016-08-18,rlmv
2016-08-18,rlmv
2016-08-18,rlmv
2016-08-18,rlmv
2016-08-18,rlmv
2016-08-18,rlmv
2016-08-19,rlmv
2016-08-19,rlmv
2016-08-19,rlmv
2016-08-19,rlmv
2016-08-20,rlmv
2016-08-20,rlmv
2016-08-23,rlmv
2016-08-23,rlmv
2016-08-23,rlmv
2016-08-23,rlmv
2016-08-23,rlmv
2016-08-23,rlmv
2016-08-23,rlmv
2016-08-23,rlmv
2016-08-23,rlmv
2016-08-23,rlmv
2016-08-23,rlmv
2016-08-24,rlmv
2016-08-24,rlmv
2016-08-24,rlmv
2016-08-24,rlmv
2016-08-24,wmayner
2016-08-24,wmayner
2016-08-24,wmayner
2016-08-25,rlmv
2016-08-27,rlmv
2016-08-27,rlmv
2016-09-02,rlmv
2016-09-06,rlmv
2016-09-21,rlmv
2016-09-23,rlmv
2016-09-23,rlmv
2016-10-06,rlmv
2016-10-06,rlmv
2016-10-07,rlmv
2016-10-07,wmayner
2016-10-07,wmayner
2016-10-10,rlmv
2016-10-10,rlmv
2016-10-11,rlmv
2016-10-11,rlmv
2016-10-11,rlmv
2016-10-11,rlmv
2016-10-12,rlmv
2016-10-12,rlmv
2016-10-12,rlmv
2016-10-13,rlmv
2016-10-13,rlmv
2016-10-13,rlmv
2016-10-13,rlmv
2016-10-13,rlmv
2016-10-13,rlmv
2016-10-13,rlmv
2016-10-13,rlmv
2016-10-13,rlmv
2016-10-13,rlmv
2016-10-13,rlmv
2016-10-13,rlmv
2016-10-13,rlmv
2016-10-13,rlmv
2016-10-13,rlmv
2016-10-16,rlmv
2016-10-16,rlmv
2016-10-16,rlmv
2016-10-16,rlmv
2016-10-20,rlmv
2016-10-21,rlmv
2016-10-21,rlmv
2016-10-25,rlmv
2016-12-01,rlmv
2016-12-01,rlmv
2016-12-01,rlmv
2016-12-02,rlmv
2016-12-02,rlmv
2016-12-02,rlmv
2016-12-02,rlmv
2016-12-02,rlmv
2016-12-02,rlmv
2016-12-04,rlmv
2016-12-04,rlmv
2016-12-04,rlmv
2016-12-06,rlmv
2016-12-06,rlmv
2016-12-20,wmayner
2016-12-20,wmayner
2016-12-20,wmayner
2016-12-20,wmayner
2016-12-20,wmayner
2016-12-22,rlmv
2016-12-22,rlmv
2016-12-24,wmayner
2017-01-06,wmayner
2017-01-13,wmayner
2017-01-13,wmayner
2017-02-01,rlmv
2017-02-02,rlmv
2017-02-02,rlmv
2017-02-02,rlmv
2017-02-02,rlmv
2017-02-03,rlmv
2017-02-15,rlmv
2017-02-15,rlmv
2017-02-16,rlmv
2017-02-16,rlmv
2017-02-16,rlmv
2017-02-16,rlmv
2017-03-01,rlmv
2017-03-10,wmayner
2017-03-12,wmayner
2017-03-12,wmayner
2017-03-12,wmayner
2017-03-16,rlmv
2017-03-16,rlmv
2017-03-16,rlmv
2017-03-16,rlmv
2017-03-16,rlmv
2017-03-23,rlmv
2017-03-23,rlmv
2017-03-23,rlmv
2017-03-23,rlmv
2017-03-23,wmayner
2017-03-23,wmayner
2017-03-23,wmayner
2017-03-23,wmayner
2017-03-24,rlmv
2017-03-24,rlmv
2017-03-24,rlmv
2017-03-29,rlmv
2017-03-29,rlmv
2017-03-29,rlmv
2017-03-31,Albantakis
2017-03-31,rlmv
2017-03-31,rlmv
2017-03-31,rlmv
2017-04-03,rlmv
2017-04-04,rlmv
2017-04-04,rlmv
2017-04-04,rlmv
2017-04-04,rlmv
2017-04-04,rlmv
2017-04-05,rlmv
2017-04-06,rlmv
2017-04-06,rlmv
2017-04-06,rlmv
2017-04-06,rlmv
2017-04-06,rlmv
2017-04-06,rlmv
2017-04-06,rlmv
2017-04-06,rlmv
2017-04-06,rlmv
2017-04-06,rlmv
2017-04-06,rlmv
2017-04-06,rlmv
2017-04-09,rlmv
2017-04-09,rlmv
2017-04-09,rlmv
2017-04-09,rlmv
2017-04-09,rlmv
2017-04-09,rlmv
2017-04-09,rlmv
2017-04-09,rlmv
2017-04-09,rlmv
2017-04-09,rlmv
2017-04-09,rlmv
2017-04-09,rlmv
2017-04-10,rlmv
2017-04-10,rlmv
2017-04-10,rlmv
2017-04-10,rlmv
2017-04-10,rlmv
2017-04-11,rlmv
2017-04-17,wmayner
2017-04-17,wmayner
2017-04-17,wmayner
2017-04-17,wmayner
2017-04-17,wmayner
2017-04-17,wmayner
2017-04-17,wmayner
2017-05-01,rlmv
2017-05-01,rlmv
2017-05-01,rlmv
2017-05-02,rlmv
2017-05-02,rlmv
2017-05-06,rlmv
2017-05-08,rlmv
2017-05-08,rlmv
2017-05-09,rlmv
2017-05-10,rlmv
2017-05-10,rlmv
2017-05-10,rlmv
2017-05-10,rlmv
2017-05-10,rlmv
2017-05-10,rlmv
2017-05-10,rlmv
2017-05-11,rlmv
2017-05-11,rlmv
2017-05-11,rlmv
2017-05-11,rlmv
2017-05-11,rlmv
2017-05-11,rlmv
2017-05-11,rlmv
2017-05-11,rlmv
2017-05-11,rlmv
2017-05-11,rlmv
2017-05-11,rlmv
2017-05-11,rlmv
2017-05-12,rlmv
2017-05-12,rlmv
2017-05-12,rlmv
2017-05-12,rlmv
2017-05-12,rlmv
2017-05-12,rlmv
2017-05-13,rlmv
2017-05-13,rlmv
2017-05-15,rlmv
2017-05-15,rlmv
2017-05-18,rlmv
2017-05-18,rlmv
2017-05-18,rlmv
2017-05-19,rlmv
2017-05-19,rlmv
2017-05-23,rlmv
2017-05-29,rlmv
2017-05-30,wmayner
2017-05-31,rlmv
2017-05-31,rlmv
2017-05-31,rlmv
2017-05-31,rlmv
2017-05-31,rlmv
2017-05-31,rlmv
2017-05-31,rlmv
2017-05-31,rlmv
2017-05-31,wmayner
2017-05-31,wmayner
2017-05-31,wmayner
2017-06-01,rlmv
2017-06-02,wmayner
2017-06-02,wmayner
2017-06-02,wmayner
2017-06-02,wmayner
2017-06-02,wmayner
2017-06-02,wmayner
2017-06-02,wmayner
2017-06-02,wmayner
2017-06-02,wmayner
2017-06-02,wmayner
2017-06-02,wmayner
2017-06-02,wmayner
2017-06-02,wmayner
2017-06-02,wmayner
2017-06-02,wmayner
2017-06-02,wmayner
2017-06-02,wmayner
2017-06-02,wmayner
2017-06-02,wmayner
2017-06-02,wmayner
2017-06-05,rlmv
2017-06-05,rlmv
2017-06-05,wmayner
2017-06-05,wmayner
2017-06-05,wmayner
2017-06-05,wmayner
2017-06-07,rlmv
2017-06-07,wmayner
2017-06-07,wmayner
2017-06-07,wmayner
2017-06-07,wmayner
2017-06-07,wmayner
2017-06-07,wmayner
2017-06-07,wmayner
2017-06-07,wmayner
2017-06-07,wmayner
2017-06-07,wmayner
2017-06-07,wmayner
2017-06-08,wmayner
2017-06-08,wmayner
2017-06-08,wmayner
2017-06-08,wmayner
2017-06-08,wmayner
2017-06-08,wmayner
2017-06-08,wmayner
2017-06-08,wmayner
2017-06-08,wmayner
2017-06-08,wmayner
2017-06-08,wmayner
2017-06-08,wmayner
2017-06-08,wmayner
2017-06-08,wmayner
2017-06-08,wmayner
2017-06-08,wmayner
2017-06-08,wmayner
2017-06-08,wmayner
2017-06-08,wmayner
2017-06-08,wmayner
2017-06-08,wmayner
2017-06-08,wmayner
2017-06-08,wmayner
2017-06-08,wmayner
2017-06-08,wmayner
2017-06-08,wmayner
2017-06-08,wmayner
2017-06-08,wmayner
2017-06-08,wmayner
2017-06-08,wmayner
2017-06-08,wmayner
2017-06-08,wmayner
2017-06-08,wmayner
2017-06-08,wmayner
2017-06-08,wmayner
2017-06-08,wmayner
2017-06-09,rlmv
2017-06-09,rlmv
2017-06-09,rlmv
2017-06-09,rlmv
2017-06-09,rlmv
2017-06-09,rlmv
2017-06-09,rlmv
2017-06-09,rlmv
2017-06-09,rlmv
2017-06-09,wmayner
2017-06-09,wmayner
2017-06-09,wmayner
2017-06-09,wmayner
2017-06-09,wmayner
2017-06-09,wmayner
2017-06-09,wmayner
2017-06-09,wmayner
2017-06-09,wmayner
2017-06-09,wmayner
2017-06-09,wmayner
2017-06-09,wmayner
2017-06-09,wmayner
2017-06-09,wmayner
2017-06-09,wmayner
2017-06-11,wmayner
2017-06-11,wmayner
2017-06-11,wmayner
2017-06-11,wmayner
2017-06-12,rlmv
2017-06-12,rlmv
2017-06-12,wmayner
2017-06-12,wmayner
2017-06-12,wmayner
2017-06-12,wmayner
2017-06-12,wmayner
2017-06-12,wmayner
2017-06-12,wmayner
2017-06-12,wmayner
2017-06-12,wmayner
2017-06-12,wmayner
2017-06-12,wmayner
2017-06-12,wmayner
2017-06-13,rlmv
2017-06-13,wmayner
2017-06-13,wmayner
2017-06-13,wmayner
2017-06-13,wmayner
2017-06-14,wmayner
2017-06-14,wmayner
2017-06-14,wmayner
2017-06-15,rlmv
2017-06-15,rlmv
2017-06-15,rlmv
2017-06-16,rlmv
2017-06-16,rlmv
2017-06-20,rlmv
2017-06-20,rlmv
2017-06-20,rlmv
2017-06-20,rlmv
2017-06-20,wmayner
2017-06-21,rlmv
2017-06-21,rlmv
2017-06-21,wmayner
2017-06-22,rlmv
2017-06-22,rlmv
2017-06-22,rlmv
2017-06-22,rlmv
2017-06-22,rlmv
2017-06-22,rlmv
2017-06-26,wmayner
2017-06-26,wmayner
2017-06-26,wmayner
2017-06-26,wmayner
2017-06-26,wmayner
2017-06-26,wmayner
2017-06-26,wmayner
2017-06-26,wmayner
2017-06-26,wmayner
2017-06-26,wmayner
2017-06-26,wmayner
2017-06-27,wmayner
2017-06-27,wmayner
2017-06-27,wmayner
2017-06-27,wmayner
2017-06-27,wmayner
2017-06-27,wmayner
2017-06-27,wmayner
2017-06-27,wmayner
2017-07-05,wmayner
2017-07-05,wmayner
2017-07-05,wmayner
2017-07-05,wmayner
2017-07-05,wmayner
2017-07-05,wmayner
2017-07-05,wmayner
2017-07-05,wmayner
2017-07-05,wmayner
2017-07-05,wmayner
2017-07-05,wmayner
2017-07-05,wmayner
2017-07-05,wmayner
2017-07-05,wmayner
2017-07-05,wmayner
2017-07-05,wmayner
2017-07-05,wmayner
2017-07-05,wmayner
2017-07-05,wmayner
2017-07-05,wmayner
2017-07-05,wmayner
2017-07-06,wmayner
2017-07-07,wmayner
2017-07-07,wmayner
2017-07-07,wmayner
2017-07-09,rlmv
2017-07-13,wmayner
2017-07-13,wmayner
2017-07-13,wmayner
2017-07-14,wmayner
2017-07-21,wmayner
2017-07-21,wmayner
2017-07-25,grahamfindlay
2017-07-25,grahamfindlay
2017-07-25,grahamfindlay
2017-07-25,grahamfindlay
2017-07-25,grahamfindlay
2017-07-27,wmayner
2017-07-28,grahamfindlay
2017-07-28,grahamfindlay
2017-07-28,grahamfindlay
2017-07-28,grahamfindlay
2017-07-28,grahamfindlay
2017-07-30,wmayner
2017-07-30,wmayner
2017-07-30,wmayner
2017-07-30,wmayner
2017-07-30,wmayner
2017-07-30,wmayner
2017-07-30,wmayner
2017-07-30,wmayner
2017-07-30,wmayner
2017-07-31,grahamfindlay
2017-07-31,grahamfindlay
2017-07-31,grahamfindlay
2017-08-01,rlmv
2017-08-01,wmayner
2017-08-01,wmayner
2017-08-01,wmayner
2017-08-01,wmayner
2017-08-01,wmayner
2017-08-01,wmayner
2017-08-01,wmayner
2017-08-01,wmayner
2017-08-01,wmayner
2017-08-01,wmayner
2017-08-01,wmayner
2017-08-01,wmayner
2017-08-01,wmayner
2017-08-01,wmayner
2017-08-01,wmayner
2017-08-01,wmayner
2017-08-01,wmayner
2017-08-01,wmayner
2017-08-01,wmayner
2017-08-01,wmayner
2017-08-02,wmayner
2017-08-02,wmayner
2017-08-02,wmayner
2017-08-02,wmayner
2017-08-02,wmayner
2017-08-02,wmayner
2017-08-02,wmayner
2017-08-02,wmayner
2017-08-02,wmayner
2017-08-07,grahamfindlay
2017-08-07,grahamfindlay
2017-08-07,grahamfindlay
2017-08-07,grahamfindlay
2017-08-08,wmayner
2017-08-08,wmayner
2017-08-08,wmayner
2017-08-08,wmayner
2017-08-08,wmayner
2017-08-14,wmayner
2017-08-14,wmayner
2017-08-14,wmayner
2017-08-16,rlmv
2017-08-17,rlmv
2017-08-17,rlmv
2017-08-17,rlmv
2017-08-17,rlmv
2017-08-17,rlmv
2017-08-22,rlmv
2017-08-22,rlmv
2017-08-22,rlmv
2017-08-22,rlmv
2017-08-23,rlmv
2017-08-23,rlmv
2017-08-23,rlmv
2017-08-23,rlmv
2017-08-23,rlmv
2017-08-23,rlmv
2017-08-23,rlmv
2017-08-23,rlmv
2017-08-23,rlmv
2017-08-23,rlmv
2017-08-25,rlmv
2017-08-25,rlmv
2017-08-25,rlmv
2017-08-25,rlmv
2017-08-25,rlmv
2017-08-25,rlmv
2017-08-25,rlmv
2017-08-25,rlmv
2017-08-25,rlmv
2017-08-25,rlmv
2017-08-25,rlmv
2017-08-25,rlmv
2017-08-25,rlmv
2017-08-25,rlmv
2017-08-25,rlmv
2017-08-25,rlmv
2017-08-25,rlmv
2017-08-25,rlmv
2017-08-25,rlmv
2017-08-25,rlmv
2017-08-25,rlmv
2017-08-26,rlmv
2017-08-26,rlmv
2017-08-26,rlmv
2017-08-26,rlmv
2017-08-26,rlmv
2017-08-26,rlmv
2017-08-26,rlmv
2017-08-30,rlmv
2017-08-30,rlmv
2017-08-30,rlmv
2017-08-30,wmayner
2017-08-30,wmayner
2017-08-31,rlmv
2017-08-31,rlmv
2017-08-31,rlmv
2017-08-31,rlmv
2017-08-31,rlmv
2017-08-31,rlmv
2017-08-31,rlmv
2017-08-31,rlmv
2017-09-01,wmayner
2017-09-01,wmayner
2017-09-01,wmayner
2017-09-01,wmayner
2017-09-03,wmayner
2017-09-03,wmayner
2017-09-05,rlmv
2017-09-06,rlmv
2017-09-06,rlmv
2017-09-09,rlmv
2017-09-09,rlmv
2017-09-09,rlmv
2017-09-09,rlmv
2017-09-09,rlmv
2017-09-09,rlmv
2017-09-11,rlmv
2017-09-11,wmayner
2017-09-11,wmayner
2017-09-12,rlmv
2017-09-13,rlmv
2017-09-13,rlmv
2017-09-13,rlmv
2017-09-13,rlmv
2017-09-13,rlmv
2017-09-13,rlmv
2017-09-13,rlmv
2017-09-13,rlmv
2017-09-13,rlmv
2017-09-14,rlmv
2017-09-14,rlmv
2017-09-14,rlmv
2017-09-14,rlmv
2017-09-14,rlmv
2017-09-14,rlmv
2017-09-14,rlmv
2017-09-14,rlmv
2017-09-14,rlmv
2017-09-14,rlmv
2017-09-14,rlmv
2017-09-14,rlmv
2017-09-14,rlmv
2017-09-14,rlmv
2017-09-14,wmayner
2017-09-14,wmayner
2017-09-15,rlmv
2017-09-15,rlmv
2017-09-15,rlmv
2017-09-15,rlmv
2017-09-15,rlmv
2017-09-15,rlmv
2017-09-15,rlmv
2017-09-15,rlmv
2017-09-15,rlmv
2017-09-15,rlmv
2017-09-15,rlmv
2017-09-15,rlmv
2017-09-15,wmayner
2017-09-16,rlmv
2017-09-16,rlmv
2017-09-16,rlmv
2017-09-16,rlmv
2017-09-16,rlmv
2017-09-16,rlmv
2017-09-16,rlmv
2017-09-16,rlmv
2017-09-17,rlmv
2017-09-17,rlmv
2017-09-17,rlmv
2017-09-17,rlmv
2017-09-17,rlmv
2017-09-17,rlmv
2017-09-17,rlmv
2017-09-17,rlmv
2017-09-17,rlmv
2017-09-17,rlmv
2017-09-17,rlmv
2017-09-17,rlmv
2017-09-17,rlmv
2017-09-17,rlmv
2017-09-17,rlmv
2017-09-17,rlmv
2017-09-17,rlmv
2017-09-17,rlmv
2017-09-18,rlmv
2017-09-18,rlmv
2017-09-18,rlmv
2017-09-18,rlmv
2017-09-18,rlmv
2017-09-18,rlmv
2017-09-18,rlmv
2017-09-19,rlmv
2017-09-19,rlmv
2017-09-19,rlmv
2017-09-20,rlmv
2017-09-20,rlmv
2017-09-20,rlmv
2017-09-20,rlmv
2017-09-20,rlmv
2017-09-20,rlmv
2017-09-20,rlmv
2017-09-20,rlmv
2017-09-20,rlmv
2017-09-25,rlmv
2017-09-25,rlmv
2017-09-25,rlmv
2017-09-25,rlmv
2017-09-25,rlmv
2017-09-25,rlmv
2017-09-25,rlmv
2017-09-25,rlmv
2017-09-26,rlmv
2017-09-26,rlmv
2017-09-26,rlmv
2017-09-26,rlmv
2017-09-26,rlmv
2017-09-26,rlmv
2017-09-26,rlmv
2017-09-26,rlmv
2017-09-26,rlmv
2017-09-26,rlmv
2017-09-26,rlmv
2017-09-26,rlmv
2017-09-27,rlmv
2017-09-27,rlmv
2017-09-27,rlmv
2017-09-27,rlmv
2017-09-27,rlmv
2017-09-27,rlmv
2017-09-27,rlmv
2017-09-27,rlmv
2017-09-27,rlmv
2017-09-27,rlmv
2017-09-27,rlmv
2017-09-27,rlmv
2017-09-27,rlmv
2017-09-27,rlmv
2017-09-27,rlmv
2017-09-27,rlmv
2017-09-28,rlmv
2017-09-28,rlmv
2017-09-28,rlmv
2017-09-28,rlmv
2017-09-28,rlmv
2017-09-28,rlmv
2017-09-28,rlmv
2017-09-29,rlmv
2017-09-29,rlmv
2017-10-02,rlmv
2017-10-04,rlmv
2017-10-04,rlmv
2017-10-04,rlmv
2017-10-04,rlmv
2017-10-04,rlmv
2017-10-04,rlmv
2017-10-05,rlmv
2017-10-05,rlmv
2017-10-05,rlmv
2017-10-06,rlmv
2017-10-06,rlmv
2017-10-06,rlmv
2017-10-06,rlmv
2017-10-06,rlmv
2017-10-06,rlmv
2017-10-06,rlmv
2017-10-06,rlmv
2017-10-06,rlmv
2017-10-06,rlmv
2017-10-09,rlmv
2017-10-09,rlmv
2017-10-09,rlmv
2017-10-09,rlmv
2017-10-09,rlmv
2017-10-09,rlmv
2017-10-09,rlmv
2017-10-09,rlmv
2017-10-09,rlmv
2017-10-09,rlmv
2017-10-10,rlmv
2017-10-10,rlmv
2017-10-10,rlmv
2017-10-10,rlmv
2017-10-10,rlmv
2017-10-11,rlmv
2017-10-13,rlmv
2017-10-18,rlmv
2017-10-23,rlmv
2017-10-26,rlmv
2017-10-26,rlmv
2017-10-26,rlmv
2017-10-26,rlmv
2017-10-26,rlmv
2017-10-26,rlmv
2017-10-30,rlmv
2017-10-30,rlmv
2017-10-30,rlmv
2017-10-31,wmayner
2017-11-25,rlmv
2017-11-25,rlmv
2017-11-25,rlmv
2017-11-25,rlmv
2017-11-26,rlmv
2017-11-26,rlmv
2017-11-26,rlmv
2017-11-26,rlmv
2017-11-26,rlmv
2017-11-28,rlmv
2017-11-28,rlmv
2017-11-28,rlmv
2017-11-28,rlmv
2017-11-28,rlmv
2017-11-28,rlmv
2017-11-28,rlmv
2017-11-29,rlmv
2017-11-29,rlmv
2017-12-02,wmayner
2017-12-03,wmayner
2017-12-03,wmayner
2017-12-03,wmayner
2017-12-03,wmayner
2017-12-03,wmayner
2017-12-03,wmayner
2017-12-03,wmayner
2017-12-03,wmayner
2017-12-03,wmayner
2017-12-03,wmayner
2017-12-03,wmayner
2017-12-03,wmayner
2017-12-03,wmayner
2017-12-03,wmayner
2017-12-03,wmayner
2017-12-03,wmayner
2017-12-04,wmayner
2017-12-04,wmayner
2017-12-04,wmayner
2017-12-04,wmayner
2017-12-04,wmayner
2017-12-04,wmayner
2017-12-04,wmayner
2017-12-04,wmayner
2017-12-04,wmayner
2017-12-04,wmayner
2017-12-04,wmayner
2017-12-04,wmayner
2017-12-05,wmayner
2017-12-05,wmayner
2017-12-05,wmayner
2017-12-05,wmayner
2017-12-05,wmayner
2017-12-05,wmayner
2017-12-06,wmayner
2017-12-11,rlmv
2017-12-12,rlmv
2017-12-15,rlmv
2017-12-16,wmayner
2017-12-17,wmayner
2017-12-17,wmayner
2017-12-17,wmayner
2017-12-17,wmayner
2017-12-17,wmayner
2017-12-17,wmayner
2017-12-17,wmayner
2017-12-17,wmayner
2017-12-17,wmayner
2017-12-18,wmayner
2017-12-18,wmayner
2017-12-18,wmayner
2017-12-18,wmayner
2017-12-18,wmayner
2017-12-18,wmayner
2017-12-18,wmayner
2017-12-18,wmayner
2017-12-18,wmayner
2017-12-18,wmayner
2017-12-18,wmayner
2017-12-18,wmayner
2017-12-18,wmayner
2017-12-18,wmayner
2017-12-18,wmayner
2017-12-18,wmayner
2017-12-18,wmayner
2017-12-18,wmayner
2017-12-18,wmayner
2017-12-18,wmayner
2017-12-18,wmayner
2017-12-18,wmayner
2017-12-18,wmayner
2017-12-18,wmayner
2017-12-18,wmayner
2017-12-18,wmayner
2017-12-18,wmayner
2017-12-18,wmayner
2017-12-18,wmayner
2017-12-18,wmayner
2017-12-18,wmayner
2017-12-18,wmayner
2017-12-18,wmayner
2017-12-18,wmayner
2017-12-18,wmayner
2017-12-18,wmayner
2017-12-18,wmayner
2017-12-18,wmayner
2017-12-18,wmayner
2017-12-18,wmayner
2017-12-18,wmayner
2017-12-19,wmayner
2017-12-19,wmayner
2017-12-19,wmayner
2017-12-19,wmayner
2017-12-19,wmayner
2017-12-19,wmayner
2017-12-19,wmayner
2017-12-19,wmayner
2017-12-19,wmayner
2017-12-19,wmayner
2017-12-19,wmayner
2017-12-19,wmayner
2017-12-19,wmayner
2017-12-19,wmayner
2017-12-19,wmayner
2017-12-19,wmayner
2017-12-19,wmayner
2017-12-19,wmayner
2017-12-19,wmayner
2017-12-19,wmayner
2017-12-19,wmayner
2017-12-19,wmayner
2017-12-19,wmayner
2017-12-19,wmayner
2017-12-19,wmayner
2017-12-19,wmayner
2017-12-19,wmayner
2017-12-19,wmayner
2017-12-19,wmayner
2017-12-19,wmayner
2017-12-19,wmayner
2017-12-19,wmayner
2017-12-19,wmayner
2017-12-19,wmayner
2017-12-19,wmayner
2017-12-19,wmayner
2017-12-19,wmayner
2017-12-19,wmayner
2017-12-19,wmayner
2017-12-19,wmayner
2017-12-19,wmayner
2017-12-19,wmayner
2017-12-19,wmayner
2017-12-19,wmayner
2017-12-19,wmayner
2017-12-19,wmayner
2017-12-19,wmayner
2017-12-19,wmayner
2017-12-19,wmayner
2017-12-19,wmayner
2017-12-20,rlmv
2017-12-20,wmayner
2017-12-20,wmayner
2017-12-20,wmayner
2017-12-20,wmayner
2017-12-20,wmayner
2017-12-20,wmayner
2017-12-20,wmayner
2017-12-20,wmayner
2017-12-20,wmayner
2017-12-20,wmayner
2017-12-20,wmayner
2017-12-20,wmayner
2017-12-20,wmayner
2017-12-20,wmayner
2017-12-20,wmayner
2017-12-20,wmayner
2017-12-20,wmayner
2017-12-20,wmayner
2017-12-20,wmayner
2017-12-20,wmayner
2017-12-20,wmayner
2017-12-20,wmayner
2017-12-20,wmayner
2017-12-20,wmayner
2017-12-20,wmayner
2017-12-20,wmayner
2017-12-21,rlmv
2017-12-21,rlmv
2017-12-21,rlmv
2017-12-21,rlmv
2017-12-21,wmayner
2017-12-21,wmayner
2017-12-21,wmayner
2017-12-21,wmayner
2017-12-21,wmayner
2017-12-21,wmayner
2017-12-21,wmayner
2017-12-22,wmayner
2017-12-22,wmayner
2017-12-22,wmayner
2017-12-22,wmayner
2017-12-22,wmayner
2017-12-22,wmayner
2017-12-22,wmayner
2017-12-22,wmayner
2017-12-27,wmayner
2018-01-02,wmayner
2018-01-02,wmayner
2018-01-03,wmayner
2018-01-08,wmayner
2018-01-16,rlmv
2018-01-16,rlmv
2018-01-17,rlmv
2018-01-17,rlmv
2018-01-17,rlmv
2018-01-17,rlmv
2018-01-17,rlmv
2018-01-17,rlmv
2018-01-17,rlmv
2018-01-18,rlmv
2018-01-19,wmayner
2018-01-19,wmayner
2018-01-21,wmayner
2018-01-21,wmayner
2018-01-21,wmayner
2018-01-21,wmayner
2018-01-21,wmayner
2018-01-21,wmayner
2018-01-21,wmayner
2018-01-21,wmayner
2018-01-21,wmayner
2018-01-21,wmayner
2018-01-21,wmayner
2018-01-21,wmayner
2018-01-21,wmayner
2018-01-27,rlmv
2018-01-27,rlmv
2018-01-27,rlmv
2018-01-27,rlmv
2018-01-27,rlmv
2018-01-27,rlmv
2018-01-27,rlmv
2018-01-27,rlmv
2018-02-06,rlmv
2018-02-07,rlmv
2018-02-08,rlmv
2018-02-17,rlmv
2018-02-20,rlmv
2018-02-20,rlmv
2018-02-20,rlmv
2018-02-20,rlmv
2018-02-20,rlmv
2018-02-26,rlmv
2018-02-26,rlmv
2018-02-26,rlmv
2018-02-27,rlmv
2018-02-27,rlmv
2018-02-27,rlmv
2018-02-28,rlmv
2018-02-28,rlmv
2018-02-28,rlmv
2018-02-28,rlmv
2018-02-28,rlmv
2018-02-28,rlmv
2018-02-28,rlmv
2018-02-28,rlmv
2018-02-28,rlmv
2018-02-28,rlmv
2018-03-01,rlmv
2018-03-01,rlmv
2018-03-01,rlmv
2018-03-01,rlmv
2018-03-01,rlmv
2018-03-01,rlmv
2018-03-06,rlmv
2018-03-06,rlmv
2018-03-07,rlmv
2018-03-08,rlmv
2018-03-08,rlmv
2018-03-08,rlmv
2018-03-08,rlmv
2018-03-08,rlmv
2018-03-08,rlmv
2018-03-08,rlmv
2018-03-09,rlmv
2018-03-09,rlmv
2018-03-09,rlmv
2018-03-13,rlmv
2018-03-13,rlmv
2018-03-13,rlmv
2018-03-13,rlmv
2018-03-15,rlmv
2018-03-15,rlmv
2018-03-15,rlmv
2018-03-15,rlmv
2018-03-17,rlmv
2018-03-20,wmayner
2018-03-20,wmayner
2018-03-29,rlmv
2018-03-29,rlmv
2018-03-29,rlmv
2018-03-29,rlmv
2018-04-21,rlmv
2018-04-21,rlmv
2018-04-21,rlmv
2018-04-21,rlmv
2018-04-21,rlmv
2018-04-21,rlmv
2018-04-21,rlmv
2018-04-21,rlmv
2018-04-21,rlmv
2018-04-21,rlmv
2018-04-21,rlmv
2018-04-22,rlmv
2018-04-23,rlmv
2018-04-23,rlmv
2018-04-23,rlmv
2018-04-23,rlmv
2018-04-24,rlmv
2018-04-24,rlmv
2018-04-25,rlmv
2018-04-25,rlmv
2018-04-26,rlmv
2018-04-26,rlmv
2018-04-26,rlmv
2018-04-26,rlmv
2018-04-26,rlmv
2018-04-27,rlmv
2018-04-27,rlmv
2018-04-27,rlmv
2018-04-28,rlmv
2018-04-28,rlmv
2018-04-30,rlmv
2018-04-30,rlmv
2018-04-30,rlmv
2018-04-30,rlmv
2018-04-30,rlmv
2018-05-15,rlmv
2018-05-15,rlmv
2018-05-15,rlmv
2018-05-18,rlmv
2018-05-27,wmayner
2018-05-27,wmayner
2018-05-27,wmayner
2018-05-27,wmayner
2018-05-28,wmayner
2018-05-28,wmayner
2018-05-28,wmayner
2018-05-28,wmayner
2018-05-28,wmayner
2018-05-29,wmayner
2018-05-29,wmayner
2018-05-29,wmayner
2018-05-29,wmayner
2018-05-29,wmayner
2018-05-29,wmayner
2018-05-29,wmayner
2018-05-29,wmayner
2018-05-29,wmayner
2018-05-30,wmayner
2018-05-30,wmayner
2018-05-30,wmayner
2018-05-30,wmayner
2018-05-30,wmayner
2018-05-30,wmayner
2018-05-30,wmayner
2018-05-30,wmayner
2018-05-30,wmayner
2018-05-30,wmayner
2018-05-30,wmayner
2018-05-30,wmayner
2018-05-30,wmayner
2018-05-30,wmayner
2018-05-30,wmayner
2018-05-30,wmayner
2018-05-30,wmayner
2018-05-30,wmayner
2018-05-30,wmayner
2018-05-30,wmayner
2018-05-30,wmayner
2018-05-30,wmayner
2018-05-30,wmayner
2018-05-30,wmayner
2018-05-30,wmayner
2018-05-30,wmayner
2018-05-30,wmayner
2018-05-30,wmayner
2018-05-31,rlmv
2018-06-09,rlmv
2018-07-15,rlmv
2018-08-01,wmayner
2018-08-02,rlmv
2018-08-14,wmayner
2018-08-14,wmayner
2018-08-14,wmayner
2018-08-15,wmayner
2018-08-15,wmayner
2018-08-24,rlmv
2018-08-24,rlmv
2018-08-24,rlmv
2018-08-24,rlmv
2018-09-05,rlmv
2018-09-06,rlmv
2018-09-06,rlmv
2018-09-10,rlmv
2018-09-10,rlmv
2018-09-10,rlmv
2018-09-10,rlmv
2018-09-10,rlmv
2018-09-10,rlmv
2018-09-10,rlmv
2018-09-10,rlmv
2018-10-16,wmayner
2018-10-16,wmayner
2018-11-09,wmayner
2018-11-19,sanjayankur31
2018-12-05,wmayner
2018-12-07,renzocom
2018-12-07,renzocom
2018-12-07,renzocom
2018-12-07,renzocom
2018-12-07,renzocom
2018-12-13,renzocom
2018-12-13,renzocom
2018-12-13,renzocom
2018-12-16,renzocom
2018-12-16,renzocom
2018-12-16,renzocom
2018-12-16,renzocom
2019-01-28,wmayner
2019-02-07,grahamfindlay
2019-02-14,grahamfindlay
2019-05-11,wmayner
2019-05-11,wmayner
2019-05-14,wmayner
2019-05-14,wmayner
2019-05-14,wmayner
2019-05-29,wmayner
2019-05-29,wmayner
2019-05-31,wmayner
2019-05-31,wmayner
2019-05-31,wmayner
2019-06-03,wmayner
2019-06-14,wmayner
2019-06-14,wmayner
2019-06-16,wmayner
2019-06-16,wmayner
2019-06-16,wmayner
2019-06-16,wmayner
2019-06-16,wmayner
2019-06-17,wmayner
2019-06-17,wmayner
2019-06-17,wmayner
2019-06-17,wmayner
2019-06-17,wmayner
2019-06-18,wmayner
2019-06-21,wmayner
2019-06-21,wmayner
2019-06-21,wmayner
2019-06-21,wmayner
2019-06-21,wmayner
2019-06-21,wmayner
2019-06-21,wmayner
2019-06-21,wmayner
2019-06-21,wmayner
2019-06-21,wmayner
2019-06-21,wmayner
2019-06-21,wmayner
2019-06-21,wmayner
2019-06-21,wmayner
2019-06-21,wmayner
2019-06-21,wmayner
2019-06-21,wmayner
2019-06-21,wmayner
2019-06-21,wmayner
2019-06-21,wmayner
2019-06-21,wmayner
2019-06-21,wmayner
2019-07-23,wmayner
2019-07-23,wmayner
2019-07-23,wmayner
2019-08-09,wmayner
2019-09-05,wmayner
2019-09-13,renzocom
2019-09-13,renzocom
2019-09-13,renzocom
2019-09-13,renzocom
2019-09-13,renzocom
2019-10-16,wmayner
2019-10-16,wmayner
2019-10-29,wmayner
2019-11-25,Albantakis
2020-01-16,wmayner
2020-01-16,wmayner
2020-01-16,wmayner
2020-02-07,wmayner
2020-02-07,wmayner
2020-02-07,wmayner
2020-02-07,wmayner
2020-02-07,wmayner
2020-02-19,Albantakis
2020-02-19,wmayner
2020-02-19,wmayner
2020-02-19,wmayner
2020-02-19,wmayner
2020-02-19,wmayner
2020-02-20,wmayner
2020-02-20,wmayner
2020-02-20,wmayner
2020-02-20,wmayner
2020-02-20,wmayner
2020-02-20,wmayner
2020-02-20,wmayner
2020-02-20,wmayner
2020-02-20,wmayner
2020-02-20,wmayner
2020-02-20,wmayner
2020-04-13,wmayner
2020-04-27,wmayner
2020-04-27,wmayner
2020-04-27,wmayner
2020-05-06,wmayner
2020-06-16,wmayner
2020-06-19,wmayner
2020-06-19,wmayner
2020-07-03,wmayner
2020-07-03,wmayner
2020-07-04,wmayner
2020-07-04,wmayner
2020-09-12,wmayner
2020-09-12,wmayner
2020-10-30,wmayner
2020-11-13,wmayner
2020-11-13,wmayner
2020-11-13,wmayner
2020-11-14,wmayner
2020-11-14,wmayner
2020-11-14,wmayner
2020-11-14,wmayner
2020-11-14,wmayner
2020-11-14,wmayner
2020-12-04,wmayner
2020-12-04,wmayner
2020-12-05,wmayner
2020-12-08,wmayner
2020-12-13,wmayner
2020-12-13,wmayner
2020-12-13,wmayner
2020-12-13,wmayner
2020-12-13,wmayner
2020-12-13,wmayner
2020-12-13,wmayner
2020-12-13,wmayner
2020-12-17,wmayner
2020-12-17,wmayner
2020-12-17,wmayner
2020-12-17,wmayner
2020-12-17,wmayner
2020-12-18,wmayner
2020-12-18,wmayner
2020-12-18,wmayner
2020-12-18,wmayner
2020-12-18,wmayner
2020-12-18,wmayner
2020-12-18,wmayner
2020-12-18,wmayner
2020-12-29,wmayner
2020-12-30,wmayner
2020-12-30,wmayner
2021-01-05,wmayner
2021-01-12,wmayner
2021-01-12,wmayner
2021-01-12,wmayner
2021-01-12,wmayner
2021-01-12,wmayner
2021-01-12,wmayner
2021-01-12,wmayner
2021-01-12,wmayner
2021-01-12,wmayner
2021-01-12,wmayner
2021-01-12,wmayner
2021-01-12,wmayner
2021-01-12,wmayner
2021-01-13,wmayner
2021-01-13,wmayner
2021-01-13,wmayner
2021-01-13,wmayner
2021-01-13,wmayner
2021-01-13,wmayner
2021-01-13,wmayner
2021-01-14,wmayner
2021-01-14,wmayner
2021-02-07,wmayner
2021-02-09,wmayner
2021-02-09,wmayner
2021-02-16,wmayner
2021-02-16,wmayner
2021-03-24,wmayner
2021-04-01,wmayner
2021-04-03,wmayner
2021-05-06,wmayner
2021-05-06,wmayner
2021-05-07,wmayner
2021-05-07,wmayner
2021-05-09,wmayner
2021-05-10,wmayner
2021-07-27,wmayner
2021-08-18,sanjayankur31
2021-08-18,wmayner
2021-09-03,wmayner
2021-09-03,wmayner
2021-09-13,wmayner
2021-09-14,wmayner
2021-09-14,wmayner
2021-09-17,wmayner
2021-09-19,wmayner
2021-09-20,wmayner
2021-09-20,wmayner
2021-09-20,wmayner
2021-09-20,wmayner
2021-09-20,wmayner
2021-09-30,wmayner
2021-09-30,wmayner
2021-09-30,wmayner
2021-09-30,wmayner
2021-09-30,wmayner
2021-09-30,wmayner
2021-10-01,wmayner
2021-10-01,wmayner
2021-10-01,wmayner
2021-11-19,wmayner
2021-11-26,wmayner
2021-12-04,wmayner
2021-12-06,wmayner
2021-12-06,wmayner
2021-12-06,wmayner
2021-12-06,wmayner
2021-12-06,wmayner
2021-12-06,wmayner
2021-12-06,wmayner
2021-12-06,wmayner
2021-12-06,wmayner
2021-12-06,wmayner
2021-12-06,wmayner
2021-12-06,wmayner
2021-12-06,wmayner
2021-12-06,wmayner
2021-12-06,wmayner
2021-12-07,wmayner
2021-12-07,wmayner
2021-12-08,wmayner
2021-12-08,wmayner
2021-12-08,wmayner
2021-12-15,wmayner
2021-12-15,wmayner
2021-12-17,wmayner
2021-12-17,wmayner
2021-12-21,wmayner
2021-12-21,wmayner
2021-12-21,wmayner
2021-12-21,wmayner
2021-12-21,wmayner
2021-12-21,wmayner
2021-12-21,wmayner
2021-12-21,wmayner
2021-12-21,wmayner
2021-12-22,wmayner
2021-12-22,wmayner
2021-12-22,wmayner
2021-12-22,wmayner
2021-12-22,wmayner
2021-12-22,wmayner
2021-12-22,wmayner
2021-12-22,wmayner
2021-12-22,wmayner
2021-12-24,wmayner
2021-12-24,wmayner
2021-12-24,wmayner
2021-12-24,wmayner
2021-12-26,wmayner
2021-12-29,wmayner
2021-12-29,wmayner
2021-12-29,wmayner
2021-12-29,wmayner
2021-12-29,wmayner
2021-12-29,wmayner
2021-12-29,wmayner
2021-12-30,wmayner
2021-12-30,wmayner
2021-12-30,wmayner
2021-12-30,wmayner
2022-01-03,wmayner
2022-01-03,wmayner
2022-01-03,wmayner
2022-01-04,wmayner
2022-01-04,wmayner
2022-01-04,wmayner
2022-01-04,wmayner
2022-01-04,wmayner
2022-01-04,wmayner
2022-01-04,wmayner
2022-01-04,wmayner
2022-01-04,wmayner
2022-01-05,wmayner
2022-01-05,wmayner
2022-01-05,wmayner
2022-01-05,wmayner
2022-01-05,wmayner
2022-01-05,wmayner
2022-01-07,wmayner
2022-01-07,wmayner
2022-01-07,wmayner
2022-01-10,wmayner
2022-01-10,wmayner
2022-01-11,wmayner
2022-01-11,wmayner
2022-01-11,wmayner
2022-01-11,wmayner
2022-01-11,wmayner
2022-01-13,wmayner
2022-01-14,wmayner
2022-01-18,wmayner
2022-01-18,wmayner
2022-01-18,wmayner
2022-01-18,wmayner
2022-01-19,wmayner
2022-01-19,wmayner
2022-01-19,wmayner
2022-01-20,wmayner
2022-01-21,wmayner
2022-01-21,wmayner
2022-01-23,wmayner
2022-01-27,wmayner
2022-01-27,wmayner
2022-01-29,wmayner
2022-01-29,wmayner
2022-01-31,wmayner
2022-01-31,wmayner
2022-01-31,wmayner
2022-01-31,wmayner
2022-02-01,wmayner
2022-02-01,wmayner
2022-02-01,wmayner
2022-02-01,wmayner
2022-02-01,wmayner
2022-02-01,wmayner
2022-02-01,wmayner
2022-02-01,wmayner
2022-02-01,wmayner
2022-02-01,wmayner
2022-02-01,wmayner
2022-02-01,wmayner
2022-02-01,wmayner
2022-02-01,wmayner
2022-02-01,wmayner
2022-02-14,wmayner
2022-02-14,wmayner
2022-02-14,wmayner
2022-02-14,wmayner
2022-02-14,wmayner
2022-02-15,wmayner
2022-02-15,wmayner
2022-02-15,wmayner
2022-02-15,wmayner
2022-02-15,wmayner
2022-02-15,wmayner
2022-02-16,wmayner
2022-02-16,wmayner
2022-02-16,wmayner
2022-02-17,wmayner
2022-02-18,wmayner
2022-02-21,wmayner
2022-02-21,wmayner
2022-02-22,wmayner
2022-02-23,wmayner
2022-02-23,wmayner
2022-02-23,wmayner
2022-02-23,wmayner
2022-02-23,wmayner
2022-02-24,wmayner
2022-02-24,wmayner
2022-02-24,wmayner
2022-02-24,wmayner
2022-02-25,wmayner
2022-02-25,wmayner
2022-02-25,wmayner
2022-02-25,wmayner
2022-02-25,wmayner
2022-02-25,wmayner
2022-02-26,wmayner
2022-02-26,wmayner
2022-02-26,wmayner
2022-03-03,wmayner
2022-03-04,wmayner
2022-03-04,wmayner
2022-03-04,wmayner
2022-03-04,wmayner
2022-03-04,wmayner
2022-03-16,wmayner
2022-03-16,wmayner
2022-03-16,wmayner
2022-03-16,wmayner
2022-03-16,wmayner
2022-03-16,wmayner
2022-03-17,wmayner
2022-03-17,wmayner
2022-03-17,wmayner
2022-03-17,wmayner
2022-03-18,wmayner
2022-03-18,wmayner
2022-03-18,wmayner
2022-03-23,Alireza Zaeemzadeh
2022-03-23,wmayner
2022-03-24,Alireza Zaeemzadeh
2022-03-24,Alireza Zaeemzadeh
2022-03-24,wmayner
2022-03-24,wmayner
2022-03-24,wmayner
2022-03-24,wmayner
2022-03-24,wmayner
2022-03-28,Alireza Zaeemzadeh
2022-03-28,Alireza Zaeemzadeh
2022-03-28,Alireza Zaeemzadeh
2022-03-28,Alireza Zaeemzadeh
2022-03-28,Alireza Zaeemzadeh
2022-03-28,wmayner
2022-03-28,wmayner
2022-03-28,wmayner
2022-03-28,wmayner
2022-03-28,wmayner
2022-03-28,wmayner
2022-03-28,wmayner
2022-03-29,Alireza Zaeemzadeh
2022-03-29,wmayner
2022-03-29,wmayner
2022-03-29,wmayner
2022-03-29,wmayner
2022-03-29,wmayner
2022-03-29,wmayner
2022-03-29,wmayner
2022-03-29,wmayner
2022-03-30,wmayner
2022-03-30,wmayner
2022-03-30,wmayner
2022-03-30,wmayner
2022-03-30,wmayner
2022-03-30,wmayner
2022-03-31,Alireza Zaeemzadeh
2022-03-31,Alireza Zaeemzadeh
2022-03-31,wmayner
2022-03-31,wmayner
2022-03-31,wmayner
2022-03-31,wmayner
2022-03-31,wmayner
2022-03-31,wmayner
2022-03-31,wmayner
2022-03-31,wmayner
2022-03-31,wmayner
2022-03-31,wmayner
2022-04-05,wmayner
2022-04-05,wmayner
2022-04-05,wmayner
2022-04-06,wmayner
2022-04-06,wmayner
2022-04-06,wmayner
2022-04-06,wmayner
2022-04-06,wmayner
2022-04-06,wmayner
2022-04-06,wmayner
2022-04-06,wmayner
2022-04-06,wmayner
2022-04-06,wmayner
2022-04-06,wmayner
2022-04-06,wmayner
2022-04-06,wmayner
2022-04-06,wmayner
2022-04-06,wmayner
2022-04-06,wmayner
2022-04-07,wmayner
2022-04-07,wmayner
2022-04-07,wmayner
2022-04-07,wmayner
2022-04-07,wmayner
2022-04-07,wmayner
2022-04-07,wmayner
2022-04-08,wmayner
2022-04-08,wmayner
2022-04-14,wmayner
2022-04-14,wmayner
2022-04-14,wmayner
2022-04-15,wmayner
2022-04-18,wmayner
2022-04-18,wmayner
2022-04-18,wmayner
2022-04-18,wmayner
2022-04-18,wmayner
2022-04-19,wmayner
2022-04-20,wmayner
2022-04-20,wmayner
2022-04-20,wmayner
2022-04-20,wmayner
2022-04-20,wmayner
2022-04-20,wmayner
2022-04-21,wmayner
2022-04-21,wmayner
2022-04-21,wmayner
2022-04-21,wmayner
2022-04-21,wmayner
2022-04-22,Alireza Zaeemzadeh
2022-04-22,Alireza Zaeemzadeh
2022-04-22,Alireza Zaeemzadeh
2022-04-22,wmayner
2022-04-22,wmayner
2022-04-22,wmayner
2022-04-22,wmayner
2022-04-22,wmayner
2022-04-22,wmayner
2022-04-22,wmayner
2022-04-25,wmayner
2022-04-25,wmayner
2022-04-25,wmayner
2022-04-25,wmayner
2022-04-26,wmayner
2022-04-26,wmayner
2022-04-26,wmayner
2022-04-26,wmayner
2022-04-27,wmayner
2022-04-27,wmayner
2022-04-27,wmayner
2022-04-27,wmayner
2022-04-27,wmayner
2022-04-27,wmayner
2022-04-27,wmayner
2022-04-27,wmayner
2022-04-27,wmayner
2022-04-27,wmayner
2022-04-28,wmayner
2022-04-28,wmayner
2022-04-28,wmayner
2022-04-28,wmayner
2022-04-28,wmayner
2022-04-28,wmayner
2022-04-29,Alireza Zaeemzadeh
2022-04-29,wmayner
2022-04-29,wmayner
2022-04-29,wmayner
2022-05-02,Alireza Zaeemzadeh
2022-05-02,Alireza Zaeemzadeh
2022-05-02,wmayner
2022-05-02,wmayner
2022-05-02,wmayner
2022-05-02,wmayner
2022-05-02,wmayner
2022-05-02,wmayner
2022-05-02,wmayner
2022-05-02,wmayner
2022-05-02,wmayner
2022-05-02,wmayner
2022-05-02,wmayner
2022-05-02,wmayner
2022-05-02,wmayner
2022-05-02,wmayner
2022-05-02,wmayner
2022-05-02,wmayner
2022-05-02,wmayner
2022-05-04,wmayner
2022-05-04,wmayner
2022-05-04,wmayner
2022-05-04,wmayner
2022-05-05,wmayner
2022-05-05,wmayner
2022-05-05,wmayner
2022-05-05,wmayner
2022-05-05,wmayner
2022-05-05,wmayner
2022-05-05,wmayner
2022-05-06,wmayner
2022-05-09,wmayner
2022-05-09,wmayner
2022-05-09,wmayner
2022-05-09,wmayner
2022-05-09,wmayner
2022-05-09,wmayner
2022-05-11,wmayner
2022-05-11,wmayner
2022-05-11,wmayner
2022-05-16,wmayner
2022-05-16,wmayner
2022-05-16,wmayner
2022-05-17,Alireza Zaeemzadeh
2022-05-17,wmayner
2022-05-17,wmayner
2022-05-17,wmayner
2022-05-17,wmayner
2022-05-17,wmayner
2022-05-17,wmayner
2022-05-17,wmayner
2022-05-17,wmayner
2022-05-17,wmayner
2022-05-17,wmayner
2022-05-17,wmayner
2022-05-17,wmayner
2022-05-17,wmayner
2022-05-17,wmayner
2022-05-17,wmayner
2022-05-17,wmayner
2022-05-17,wmayner
2022-05-17,wmayner
2022-05-18,wmayner
2022-05-18,wmayner
2022-05-18,wmayner
2022-05-18,wmayner
2022-05-18,wmayner
2022-05-18,wmayner
2022-05-18,wmayner
2022-05-18,wmayner
2022-05-20,wmayner
2022-05-20,wmayner
2022-05-24,wmayner
2022-05-24,wmayner
2022-05-26,wmayner
2022-05-27,wmayner
2022-05-27,wmayner
2022-05-30,wmayner
2022-06-02,wmayner
2022-06-09,wmayner
2022-06-09,wmayner
2022-06-10,wmayner
2022-06-10,wmayner
2022-06-10,wmayner
2022-06-10,wmayner
2022-06-13,isacdaavid
2022-06-13,isacdaavid
2022-06-13,isacdaavid
2022-06-13,isacdaavid
2022-06-13,isacdaavid
2022-06-13,wmayner
2022-06-14,wmayner
2022-06-20,wmayner
2022-06-20,wmayner
2022-06-20,wmayner
2022-06-20,wmayner
2022-06-21,wmayner
2022-06-21,wmayner
2022-06-21,wmayner
2022-06-21,wmayner
2022-06-22,wmayner
2022-06-22,wmayner
2022-06-22,wmayner
2022-06-22,wmayner
2022-06-23,wmayner
2022-06-23,wmayner
2022-06-23,wmayner
2022-06-23,wmayner
2022-06-23,wmayner
2022-06-23,wmayner
2022-06-23,wmayner
2022-06-23,wmayner
2022-06-23,wmayner
2022-06-23,wmayner
2022-06-23,wmayner
2022-06-23,wmayner
2022-06-23,wmayner
2022-06-23,wmayner
2022-06-23,wmayner
2022-06-24,wmayner
2022-06-24,wmayner
2022-06-24,wmayner
2022-06-24,wmayner
2022-06-24,wmayner
2022-06-24,wmayner
2022-06-24,wmayner
2022-06-27,wmayner
2022-06-28,wmayner
2022-06-28,wmayner
2022-06-28,wmayner
2022-06-29,wmayner
2022-06-30,wmayner
2022-06-30,wmayner
2022-07-08,wmayner
2022-07-08,wmayner
2022-07-08,wmayner
2022-07-08,wmayner
2022-07-12,wmayner
2022-07-20,wmayner
2022-07-21,wmayner
2022-07-22,wmayner
2022-07-22,wmayner
2022-07-22,wmayner
2022-07-22,wmayner
2022-07-25,wmayner
2022-07-25,wmayner
2022-07-26,wmayner
2022-07-26,wmayner
2022-07-26,wmayner
2022-07-26,wmayner
2022-07-27,wmayner
2022-07-27,wmayner
2022-07-27,wmayner
2022-07-27,wmayner
2022-07-27,wmayner
2022-07-27,wmayner
2022-07-27,wmayner
2022-07-27,wmayner
2022-07-28,wmayner
2022-07-28,wmayner
2022-07-28,wmayner
2022-07-29,wmayner
2022-07-29,wmayner
2022-07-29,wmayner
2022-07-29,wmayner
2022-07-29,wmayner
2022-07-29,wmayner
2022-08-02,wmayner
2022-08-02,wmayner
2022-08-02,wmayner
2022-08-03,wmayner
2022-08-03,wmayner
2022-08-03,wmayner
2022-08-03,wmayner
2022-08-03,wmayner
2022-08-03,wmayner
2022-08-03,wmayner
2022-08-03,wmayner
2022-08-03,wmayner
2022-08-03,wmayner
2022-08-03,wmayner
2022-08-03,wmayner
2022-08-03,wmayner
2022-08-03,wmayner
2022-08-03,wmayner
2022-08-04,wmayner
2022-08-04,wmayner
2022-08-04,wmayner
2022-08-04,wmayner
2022-08-04,wmayner
2022-08-04,wmayner
2022-08-04,wmayner
2022-08-04,wmayner
2022-08-04,wmayner
2022-08-04,wmayner
2022-08-04,wmayner
2022-08-04,wmayner
2022-08-04,wmayner
2022-08-04,wmayner
2022-08-04,wmayner
2022-08-05,wmayner
2022-08-05,wmayner
2022-08-05,wmayner
2022-08-05,wmayner
2022-08-05,wmayner
2022-08-05,wmayner
2022-08-05,wmayner
2022-08-05,wmayner
2022-08-05,wmayner
2022-08-05,wmayner
2022-08-05,wmayner
2022-08-08,wmayner
2022-08-08,wmayner
2022-08-08,wmayner
2022-08-09,wmayner
2022-08-10,wmayner
2022-08-10,wmayner
2022-08-11,wmayner
2022-08-11,wmayner
2022-08-11,wmayner
2022-08-12,wmayner
2022-08-12,wmayner
2022-08-12,wmayner
2022-08-15,wmayner
2022-08-16,wmayner
2022-08-16,wmayner
2022-08-17,wmayner
2022-08-17,wmayner
2022-08-17,wmayner
2022-08-17,wmayner
2022-08-17,wmayner
2022-08-17,wmayner
2022-08-17,wmayner
2022-08-17,wmayner
2022-08-18,wmayner
2022-08-18,wmayner
2022-08-18,wmayner
2022-08-19,wmayner
2022-08-19,wmayner
2022-08-19,wmayner
2022-08-23,wmayner
2022-08-23,wmayner
2022-08-23,wmayner
2022-08-23,wmayner
2022-08-23,wmayner
2022-08-24,wmayner
2022-08-24,wmayner
2022-08-24,wmayner
2022-08-24,wmayner
2022-08-24,wmayner
2022-08-24,wmayner
2022-08-24,wmayner
2022-08-25,wmayner
2022-08-25,wmayner
2022-08-25,wmayner
2022-08-25,wmayner
2022-08-25,wmayner
2022-08-25,wmayner
2022-08-25,wmayner
2022-08-25,wmayner
2022-08-25,wmayner
2022-08-25,wmayner
2022-08-25,wmayner
2022-08-25,wmayner
2022-08-25,wmayner
2022-08-25,wmayner
2022-08-25,wmayner
2022-08-25,wmayner
2022-08-26,wmayner
2022-08-26,wmayner
2022-08-26,wmayner
2022-08-26,wmayner
2022-08-30,wmayner
2022-08-30,wmayner
2022-08-30,wmayner
2022-09-01,wmayner
2022-09-01,wmayner
2022-09-01,wmayner
2022-09-01,wmayner
2022-09-01,wmayner
2022-09-01,wmayner
2022-09-01,wmayner
2022-09-01,wmayner
2022-09-02,wmayner
2022-09-02,wmayner
2022-09-02,wmayner
2022-09-12,wmayner
2022-09-13,wmayner
2022-09-14,wmayner
2022-09-14,wmayner
2022-09-15,wmayner
2022-09-15,wmayner
2022-09-15,wmayner
2022-09-15,wmayner
2022-09-16,wmayner
2022-09-16,wmayner
2022-09-16,wmayner
2022-09-16,wmayner
2022-09-16,wmayner
2022-09-16,wmayner
2022-09-16,wmayner
2022-09-16,wmayner
2022-09-16,wmayner
2022-09-16,wmayner
2022-09-16,wmayner
2022-09-19,wmayner
2022-09-19,wmayner
2022-09-19,wmayner
2022-09-19,wmayner
2022-09-19,wmayner
2022-09-19,wmayner
2022-09-19,wmayner
2022-09-19,wmayner
2022-09-19,wmayner
2022-09-19,wmayner
2022-09-19,wmayner
2022-09-19,wmayner
2022-09-19,wmayner
2022-09-19,wmayner
2022-09-19,wmayner
2022-09-20,wmayner
2022-09-20,wmayner
2022-09-20,wmayner
2022-09-20,wmayner
2022-09-20,wmayner
2022-09-20,wmayner
2022-09-20,wmayner
2022-09-20,wmayner
2022-09-20,wmayner
2022-09-20,wmayner
2022-09-21,wmayner
2022-09-21,wmayner
2022-09-22,dviggiano
2022-09-22,wmayner
2022-09-22,wmayner
2022-09-22,wmayner
2022-09-22,wmayner
2022-09-23,dviggiano
2022-09-23,wmayner
2022-09-23,wmayner
2022-09-23,wmayner
2022-09-25,dviggiano
2022-09-25,dviggiano
2022-09-26,wmayner
2022-09-29,wmayner
2022-09-29,wmayner
2022-09-30,wmayner
2022-09-30,wmayner
2022-10-03,wmayner
2022-10-05,wmayner
2022-10-05,wmayner
2022-10-06,dviggiano
2022-10-06,dviggiano
2022-10-06,dviggiano
2022-10-06,dviggiano
2022-10-06,dviggiano
2022-10-06,dviggiano
2022-10-06,dviggiano
2022-10-06,dviggiano
2022-10-06,dviggiano
2022-10-06,dviggiano
2022-10-06,dviggiano
2022-10-06,dviggiano
2022-10-06,dviggiano
2022-10-06,dviggiano
2022-10-06,dviggiano
2022-10-06,dviggiano
2022-10-06,dviggiano
2022-10-06,dviggiano
2022-10-07,dviggiano
2022-10-08,wmayner
2022-10-08,wmayner
2022-10-09,dviggiano
2022-10-09,dviggiano
2022-10-09,dviggiano
2022-10-09,dviggiano
2022-10-09,dviggiano
2022-10-10,dviggiano
2022-10-12,dviggiano
2022-10-12,dviggiano
2022-10-12,dviggiano
2022-10-12,dviggiano
2022-10-12,dviggiano
2022-10-12,dviggiano
2022-10-12,dviggiano
2022-10-12,dviggiano
2022-10-13,dviggiano
2022-10-13,dviggiano
2022-10-13,dviggiano
2022-10-13,wmayner
2022-10-13,wmayner
2022-10-13,wmayner
2022-10-13,wmayner
2022-10-13,wmayner
2022-10-19,dviggiano
2022-10-19,dviggiano
2022-10-19,dviggiano
2022-10-19,dviggiano
2022-10-19,dviggiano
2022-10-19,dviggiano
2022-10-19,dviggiano
2022-10-20,dviggiano
2022-10-20,dviggiano
2022-10-20,dviggiano
2022-10-20,dviggiano
2022-10-20,dviggiano
2022-10-20,wmayner
2022-10-20,wmayner
2022-10-25,wmayner
2022-10-25,wmayner
2022-10-26,isacdaavid
2022-10-26,isacdaavid
2022-10-26,wmayner
2022-10-26,wmayner
2022-10-26,wmayner
2022-10-27,dviggiano
2022-10-27,isacdaavid
2022-10-27,isacdaavid
2022-10-27,isacdaavid
2022-10-27,wmayner
2022-10-27,wmayner
2022-10-28,dviggiano
2022-10-28,isacdaavid
2022-10-28,isacdaavid
2022-10-28,isacdaavid
2022-10-28,wmayner
2022-10-28,wmayner
2022-10-28,wmayner
2022-10-31,isacdaavid
2022-10-31,isacdaavid
2022-10-31,isacdaavid
2022-10-31,isacdaavid
2022-10-31,isacdaavid
2022-10-31,isacdaavid
2022-10-31,isacdaavid
2022-10-31,isacdaavid
2022-10-31,isacdaavid
2022-11-01,isacdaavid
2022-11-01,isacdaavid
2022-11-02,dviggiano
2022-11-03,dviggiano
2022-11-03,dviggiano
2022-11-03,dviggiano
2022-11-04,wmayner
2022-11-04,wmayner
2022-11-04,wmayner
2022-11-04,wmayner
2022-11-05,wmayner
2022-11-07,isacdaavid
2022-11-07,isacdaavid
2022-11-07,isacdaavid
2022-11-07,isacdaavid
2022-11-07,isacdaavid
2022-11-07,isacdaavid
2022-11-07,wmayner
2022-11-08,wmayner
2022-11-08,wmayner
2022-11-08,wmayner
2022-11-08,wmayner
2022-11-08,wmayner
2022-11-08,wmayner
2022-11-09,wmayner
2022-11-09,wmayner
2022-11-10,wmayner
2022-11-10,wmayner
2022-11-10,wmayner
2022-11-10,wmayner
2022-11-10,wmayner
2022-11-10,wmayner
2022-11-10,wmayner
2022-11-10,wmayner
2022-11-10,wmayner
2022-11-11,isacdaavid
2022-11-11,wmayner
2022-11-11,wmayner
2022-11-11,wmayner
2022-11-11,wmayner
2022-11-15,wmayner
2022-11-15,wmayner
2022-11-15,wmayner
2022-11-15,wmayner
2022-11-16,wmayner
2022-11-16,wmayner
2022-11-16,wmayner
2022-11-19,wmayner
2022-11-21,isacdaavid
2022-11-21,isacdaavid
2022-11-21,isacdaavid
2022-11-21,isacdaavid
2022-11-21,isacdaavid
2022-11-21,isacdaavid
2022-11-21,isacdaavid
2022-11-21,isacdaavid
2022-11-21,isacdaavid
2022-11-21,isacdaavid
2022-11-21,wmayner
2022-11-21,wmayner
2022-11-21,wmayner
2022-11-21,wmayner
2022-11-21,wmayner
2022-11-21,wmayner
2022-11-21,wmayner
2022-11-21,wmayner
2022-11-21,wmayner
2022-11-22,isacdaavid
2022-11-22,isacdaavid
2022-11-22,isacdaavid
2022-11-22,isacdaavid
2022-11-22,isacdaavid
2022-11-22,isacdaavid
2022-11-22,isacdaavid
2022-11-22,isacdaavid
2022-11-22,isacdaavid
2022-11-22,isacdaavid
2022-11-22,wmayner
2022-11-22,wmayner
2022-11-22,wmayner
2022-11-22,wmayner
2022-11-22,wmayner
2022-11-22,wmayner
2022-11-22,wmayner
2022-11-25,isacdaavid
2022-11-25,isacdaavid
2022-11-28,isacdaavid
2022-11-28,isacdaavid
2022-12-01,wmayner
2022-12-01,wmayner
2022-12-02,wmayner
2022-12-02,wmayner
2022-12-02,wmayner
2022-12-02,wmayner
2022-12-02,wmayner
2022-12-02,wmayner
2022-12-02,wmayner
2022-12-05,wmayner
2022-12-05,wmayner
2022-12-05,wmayner
2022-12-05,wmayner
2022-12-05,wmayner
2022-12-06,isacdaavid
2022-12-06,isacdaavid
2022-12-06,wmayner
2022-12-06,wmayner
2022-12-06,wmayner
2022-12-06,wmayner
2022-12-06,wmayner
2022-12-07,dviggiano
2022-12-07,dviggiano
2022-12-07,dviggiano
2022-12-07,dviggiano
2022-12-07,isacdaavid
2022-12-07,isacdaavid
2022-12-07,isacdaavid
2022-12-07,isacdaavid
2022-12-07,wmayner
2022-12-07,wmayner
2022-12-07,wmayner
2022-12-07,wmayner
2022-12-07,wmayner
2022-12-07,wmayner
2022-12-07,wmayner
2022-12-07,wmayner
2022-12-07,wmayner
2022-12-08,wmayner
2022-12-08,wmayner
2022-12-08,wmayner
2022-12-09,isacdaavid
2022-12-09,wmayner
2022-12-09,wmayner
2022-12-09,wmayner
2022-12-09,wmayner
2022-12-09,wmayner
2022-12-09,wmayner
2022-12-09,wmayner
2022-12-09,wmayner
2022-12-12,wmayner
2022-12-12,wmayner
2022-12-12,wmayner
2022-12-13,wmayner
2022-12-13,wmayner
2022-12-13,wmayner
2022-12-14,wmayner
2022-12-14,wmayner
2022-12-15,dviggiano
2022-12-15,wmayner
2022-12-15,wmayner
2022-12-15,wmayner
2022-12-15,wmayner
2022-12-15,wmayner
2022-12-15,wmayner
2022-12-15,wmayner
2022-12-20,wmayner
2022-12-20,wmayner
2022-12-20,wmayner
2022-12-21,wmayner
2022-12-21,wmayner
2022-12-22,wmayner
2022-12-22,wmayner
2022-12-22,wmayner
2022-12-23,wmayner
2022-12-23,wmayner
2022-12-28,isacdaavid
2022-12-28,isacdaavid
2022-12-28,isacdaavid
2022-12-28,isacdaavid
2022-12-28,isacdaavid
2022-12-28,isacdaavid
2022-12-28,isacdaavid
2022-12-29,isacdaavid
2022-12-29,isacdaavid
2022-12-29,isacdaavid
2022-12-29,isacdaavid
2022-12-29,isacdaavid
2022-12-29,isacdaavid
2022-12-29,wmayner
2022-12-29,wmayner
2022-12-29,wmayner
2022-12-29,wmayner
2022-12-29,wmayner
2022-12-29,wmayner
2022-12-29,wmayner
2022-12-29,wmayner
2022-12-29,wmayner
2022-12-29,wmayner
2022-12-29,wmayner
2022-12-29,wmayner
2022-12-30,dviggiano
2022-12-30,dviggiano
2022-12-30,isacdaavid
2022-12-30,isacdaavid
2022-12-30,isacdaavid
2022-12-30,isacdaavid
2022-12-30,isacdaavid
2022-12-30,isacdaavid
2022-12-30,isacdaavid
2022-12-30,wmayner
2022-12-30,wmayner
2022-12-30,wmayner
2022-12-30,wmayner
2022-12-30,wmayner
2022-12-30,wmayner
2022-12-30,wmayner
2022-12-30,wmayner
2022-12-30,wmayner
2022-12-31,isacdaavid
2022-12-31,isacdaavid
2023-01-02,isacdaavid
2023-01-02,isacdaavid
2023-01-02,isacdaavid
2023-01-02,isacdaavid
2023-01-03,isacdaavid
2023-01-03,isacdaavid
2023-01-03,isacdaavid
2023-01-03,wmayner
2023-01-03,wmayner
2023-01-09,wmayner
2023-01-09,wmayner
2023-01-09,wmayner
2023-01-09,wmayner
2023-01-09,wmayner
2023-01-09,wmayner
2023-01-09,wmayner
2023-01-09,wmayner
2023-01-09,wmayner
2023-01-09,wmayner
2023-01-09,wmayner
2023-01-09,wmayner
2023-01-09,wmayner
2023-01-09,wmayner
2023-01-09,wmayner
2023-01-09,wmayner
2023-01-09,wmayner
2023-01-09,wmayner
2023-01-09,wmayner
2023-01-09,wmayner
2023-01-09,wmayner
2023-01-09,wmayner
2023-01-09,wmayner
2023-01-09,wmayner
2023-01-09,wmayner
2023-01-09,wmayner
2023-01-09,wmayner
2023-01-09,wmayner
2023-01-09,wmayner
2023-01-09,wmayner
2023-01-09,wmayner
2023-01-09,wmayner
2023-01-09,wmayner
2023-01-09,wmayner
2023-01-10,wmayner
2023-01-10,wmayner
2023-01-10,wmayner
2023-01-10,wmayner
2023-01-10,wmayner
2023-01-10,wmayner
2023-01-10,wmayner
2023-01-10,wmayner
2023-01-10,wmayner
2023-01-10,wmayner
2023-01-10,wmayner
2023-01-10,wmayner
2023-01-11,wmayner
2023-01-11,wmayner
2023-01-11,wmayner
2023-01-11,wmayner
2023-01-11,wmayner
2023-01-11,wmayner
2023-01-11,wmayner
2023-01-11,wmayner
2023-01-11,wmayner
2023-01-11,wmayner
2023-01-12,wmayner
2023-01-12,wmayner
2023-01-17,wmayner
2023-01-17,wmayner
2023-01-18,wmayner
2023-01-18,wmayner
2023-01-18,wmayner
2023-01-18,wmayner
2023-01-19,wmayner
2023-01-19,wmayner
2023-01-19,wmayner
2023-01-19,wmayner
2023-01-19,wmayner
2023-01-19,wmayner
2023-01-20,wmayner
2023-01-23,wmayner
2023-01-23,wmayner
2023-01-26,wmayner
2023-01-27,wmayner
2023-02-01,dviggiano
2023-02-01,wmayner
2023-02-03,wmayner
2023-02-06,dviggiano
2023-02-06,dviggiano
2023-02-06,dviggiano
2023-02-06,dviggiano
2023-02-06,dviggiano
2023-02-06,dviggiano
2023-02-06,wmayner
2023-02-08,dviggiano
2023-02-08,dviggiano
2023-02-08,wmayner
2023-02-08,wmayner
2023-02-08,wmayner
2023-02-08,wmayner
2023-02-08,wmayner
2023-02-08,wmayner
2023-02-09,dviggiano
2023-02-09,dviggiano
2023-02-10,wmayner
2023-02-13,dviggiano
2023-02-13,dviggiano
2023-02-13,dviggiano
2023-02-13,dviggiano
2023-02-13,wmayner
2023-02-15,wmayner
2023-02-15,wmayner
2023-02-21,wmayner
2023-02-21,wmayner
2023-02-21,wmayner
2023-02-21,wmayner
2023-02-24,wmayner
2023-02-24,wmayner
2023-02-26,wmayner
2023-02-27,wmayner
2023-02-27,wmayner
2023-02-27,wmayner
2023-02-28,wmayner
2023-03-01,wmayner
2023-03-01,wmayner
2023-03-01,wmayner
2023-03-01,wmayner
2023-03-01,wmayner
2023-03-01,wmayner
2023-03-01,wmayner
2023-03-01,wmayner
2023-03-08,wmayner
2023-04-13,wmayner
2023-04-13,wmayner
2023-04-13,wmayner
2023-04-13,wmayner
2023-04-14,wmayner
2023-04-28,wmayner
2023-04-28,wmayner
2023-04-28,wmayner
2023-05-01,wmayner
2023-05-01,wmayner
2023-05-01,wmayner
2023-05-02,wmayner
2023-05-11,wmayner
2023-05-11,wmayner
2023-05-11,wmayner
2023-05-11,wmayner
2023-05-12,wmayner
2023-05-12,wmayner
2023-05-12,wmayner
2023-05-15,wmayner
2023-05-15,wmayner
2023-05-15,wmayner
2023-05-15,wmayner
2023-05-15,wmayner
2023-05-15,wmayner
2023-05-15,wmayner
2023-05-15,wmayner
2023-05-15,wmayner
2023-05-15,wmayner
2023-05-15,wmayner
2023-05-15,wmayner
2023-05-15,wmayner
2023-05-15,wmayner
2023-05-18,wmayner
2023-05-18,wmayner
2023-05-25,wmayner
2023-05-25,wmayner
2023-05-31,wmayner
2023-06-01,wmayner
2023-06-01,wmayner
2023-06-01,wmayner
2023-06-02,wmayner
2023-06-02,wmayner
2023-06-02,wmayner
2023-06-02,wmayner
2023-06-02,wmayner
2023-06-05,wmayner
2023-06-06,wmayner
2023-06-06,wmayner
2023-06-07,wmayner
2023-06-07,wmayner
2023-06-07,wmayner
2023-06-07,wmayner
2023-06-08,wmayner
2023-06-08,wmayner
2023-06-08,wmayner
2023-06-08,wmayner
2023-06-12,wmayner
2023-06-12,wmayner
2023-06-12,wmayner
2023-06-13,wmayner
2023-06-14,wmayner
2023-06-14,wmayner
2023-06-14,wmayner
2023-06-15,wmayner
2023-06-15,wmayner
2023-06-15,wmayner
2023-06-15,wmayner
2023-06-15,wmayner
2023-06-19,wmayner
2023-06-19,wmayner
2023-06-21,isacdaavid
2023-06-21,wmayner
2023-06-29,isacdaavid
2023-06-29,isacdaavid
2023-06-29,isacdaavid
2023-06-29,wmayner
2023-06-30,wmayner
2023-07-06,wmayner
2023-07-07,wmayner
2023-07-16,wmayner
2023-07-17,wmayner
2023-07-27,isacdaavid
2023-07-28,isacdaavid
2023-08-09,isacdaavid
2023-08-13,isacdaavid
2023-08-13,isacdaavid
2023-11-08,wmayner
2023-12-12,isacdaavid
2023-12-12,isacdaavid
2023-12-12,isacdaavid
2024-03-21,matteograsso
2024-03-21,matteograsso
2024-03-21,wmayner
2024-03-22,isacdaavid
2024-03-22,isacdaavid
2024-03-22,matteograsso
2024-03-22,matteograsso
2024-03-22,matteograsso
2024-03-22,matteograsso
2024-03-22,matteograsso
2024-03-22,matteograsso
2024-03-22,matteograsso
2024-03-23,isacdaavid
2024-04-14,ajbailey4
2024-06-04,ajbailey4
2024-06-05,ajbailey4
2024-06-05,ajbailey4
2024-06-05,ajbailey4
2024-06-06,ajbailey4
2024-06-06,ajbailey4
2024-06-06,ajbailey4
2024-06-07,ajbailey4
2024-06-07,ajbailey4
2024-06-07,ajbailey4
2024-06-11,ajbailey4
2024-06-11,ajbailey4
2024-06-13,isacdaavid
2024-06-24,wmayner
2024-06-24,wmayner
2024-06-24,wmayner
2024-06-25,wmayner
2024-06-25,wmayner
2024-06-25,wmayner
2024-06-25,wmayner
2024-06-25,wmayner
2024-06-25,wmayner
2024-06-25,wmayner
2024-06-25,wmayner
2024-06-25,wmayner
2024-06-25,wmayner
2024-06-25,wmayner
2024-06-25,wmayner
2024-06-25,wmayner
2024-06-27,wmayner
2024-06-27,wmayner
2024-06-27,wmayner
2024-06-27,wmayner
2024-06-28,ajbailey4
2024-06-28,wmayner
2024-06-28,wmayner
2024-06-28,wmayner
2024-06-28,wmayner
2024-06-28,wmayner
2024-06-30,wmayner
2024-06-30,wmayner
2024-06-30,wmayner
2024-06-30,wmayner
2024-06-30,wmayner
2024-07-11,ajbailey4
2024-07-11,ajbailey4
2024-07-11,ajbailey4
2024-07-15,ajbailey4
2024-07-15,ajbailey4
2024-07-15,ajbailey4
2024-07-15,ajbailey4
2024-07-15,ajbailey4
2024-07-15,ajbailey4
2024-07-15,ajbailey4
2024-07-15,ajbailey4
2024-07-16,ajbailey4
2024-07-16,ajbailey4
2024-07-16,ajbailey4
2024-07-16,ajbailey4
2024-07-16,ajbailey4
2024-07-16,ajbailey4
2024-07-16,ajbailey4
2024-07-17,ajbailey4
2024-07-17,ajbailey4
2024-07-17,ajbailey4
2024-07-17,ajbailey4
2024-07-17,ajbailey4
2024-07-17,ajbailey4
2024-07-17,ajbailey4
2024-07-24,isacdaavid
2024-07-24,isacdaavid
2024-07-24,isacdaavid
2024-08-05,ajbailey4
2024-08-13,wmayner
2024-08-22,wmayner
2024-09-03,ajbailey4
2024-09-04,wmayner
2024-09-18,ajbailey4
2024-09-19,wmayner
2024-09-23,isacdaavid
2024-09-24,wmayner
2024-11-05,isacdaavid
2024-11-05,isacdaavid
2024-11-05,isacdaavid
2025-03-21,wmayner
2025-04-27,wmayner
2025-04-27,wmayner
2025-04-28,wmayner
2025-10-07,wmayner
2025-10-07,wmayner
2025-10-16,wmayner
2025-12-24,wmayner
2025-12-24,wmayner
2025-12-24,wmayner
2025-12-24,wmayner
2025-12-24,wmayner
2025-12-24,wmayner
2025-12-24,wmayner
2025-12-24,wmayner
2025-12-26,wmayner
2025-12-26,wmayner
2025-12-26,wmayner
2025-12-26,wmayner
2025-12-27,wmayner
2025-12-27,wmayner
2025-12-27,wmayner
2025-12-27,wmayner
2025-12-27,wmayner
2025-12-27,wmayner
2025-12-27,wmayner
2025-12-27,wmayner
2025-12-27,wmayner
2025-12-27,wmayner
2025-12-28,wmayner
2025-12-28,wmayner
2025-12-28,wmayner
2025-12-28,wmayner
2025-12-28,wmayner
2025-12-28,wmayner
2025-12-29,wmayner
2025-12-31,wmayner
2025-12-31,wmayner
2025-12-31,wmayner
2026-01-03,wmayner
2026-01-03,wmayner
2026-01-03,wmayner
2026-01-03,wmayner
2026-01-03,wmayner
2026-01-03,wmayner
2026-01-03,wmayner
2026-01-03,wmayner
2026-01-03,wmayner
2026-01-03,wmayner
2026-01-03,wmayner
2026-01-03,wmayner
2026-01-03,wmayner
2026-01-03,wmayner
2026-01-03,wmayner
2026-01-03,wmayner
2026-01-03,wmayner
2026-01-03,wmayner
2026-01-03,wmayner
2026-01-04,wmayner
2026-01-04,wmayner
2026-01-04,wmayner
2026-01-05,wmayner
2026-01-05,wmayner
2026-01-05,wmayner
2026-01-05,wmayner
2026-01-05,wmayner
2026-01-05,wmayner
2026-01-05,wmayner
2026-01-05,wmayner
2026-01-05,wmayner
2026-01-05,wmayner
2026-01-06,wmayner
2026-01-13,wmayner
2026-01-14,wmayner
2026-01-14,wmayner
2026-01-14,wmayner
2026-01-14,wmayner
2026-01-14,wmayner
2026-01-14,wmayner
2026-01-14,wmayner
2026-01-14,wmayner
2026-01-14,wmayner
2026-01-14,wmayner
2026-01-15,wmayner
2026-01-15,wmayner
2026-01-15,wmayner
2026-01-15,wmayner
2026-01-15,wmayner
2026-01-15,wmayner
2026-01-15,wmayner
2026-01-15,wmayner
2026-01-15,wmayner
2026-01-15,wmayner
2026-01-15,wmayner
2026-01-15,wmayner
2026-01-15,wmayner
2026-01-15,wmayner
2026-01-15,wmayner
2026-01-15,wmayner
2026-01-15,wmayner
2026-01-15,wmayner
2026-01-15,wmayner
2026-01-15,wmayner
2026-01-15,wmayner
2026-01-15,wmayner
2026-01-15,wmayner
2026-01-15,wmayner
2026-03-29,wmayner
2026-03-29,wmayner
2026-03-29,wmayner
2026-04-07,wmayner
2026-04-11,wmayner
2026-04-11,wmayner
