pr_number,approver,approved_at
139418,pohly,2026-06-02
139422,jpbetz,2026-06-08
139435,dashpole,2026-06-03
139443,soltysh,2026-06-10
139445,palnabarun,2026-06-08
139446,palnabarun,2026-06-08
139447,palnabarun,2026-06-08
139448,palnabarun,2026-06-08
139466,helayoty,2026-06-03
139473,SergeyKanzhelev,2026-06-10
139483,soltysh,2026-06-12
139503,daschott,2026-06-12
139503,surajkrishnan14,2026-06-05
139508,palnabarun,2026-06-08
139509,palnabarun,2026-06-08
139511,pohly,2026-06-13
139530,SergeyKanzhelev,2026-06-10
139547,SergeyKanzhelev,2026-06-07
139557,AwesomePatrol,2026-06-09
139585,palnabarun,2026-06-09
139588,palnabarun,2026-06-09
139589,palnabarun,2026-06-09
139590,palnabarun,2026-06-09
139609,SergeyKanzhelev,2026-06-10
139612,SergeyKanzhelev,2026-06-10
139621,pohly,2026-06-17
139630,mkumatag,2026-06-11
139639,SergeyKanzhelev,2026-06-18
139644,jpbetz,2026-06-11
139647,SergeyKanzhelev,2026-06-11
139651,pohly,2026-06-12
139682,pohly,2026-06-15
139720,AwesomePatrol,2026-06-15
139721,SergeyKanzhelev,2026-06-15
139731,pohly,2026-06-16
139732,pohly,2026-06-16
139737,SergeyKanzhelev,2026-06-15
139741,SergeyKanzhelev,2026-06-15
139745,saschagrunert,2026-06-18
139760,SergeyKanzhelev,2026-06-22
139779,jpbetz,2026-06-16
139805,sunya-ch,2026-06-18
139808,cpanato,2026-06-17
139809,cpanato,2026-06-17
139810,cpanato,2026-06-17
139811,cpanato,2026-06-17
139846,joestringer,2026-06-18
139861,jpbetz,2026-06-18
139867,jpbetz,2026-06-18
139868,jpbetz,2026-06-18
