number,author,created,merged_at,merged_by
139404,serathius,2026-06-01,2026-06-01,k8s-ci-robot
139407,jdzikowski,2026-06-01,2026-06-15,k8s-ci-robot
139416,bart0sh,2026-06-01,2026-06-02,k8s-ci-robot
139418,nojnhuh,2026-06-01,2026-06-02,k8s-ci-robot
139420,dims,2026-06-01,2026-06-02,k8s-ci-robot
139422,yongruilin,2026-06-01,2026-06-09,k8s-ci-robot
139427,Jefftree,2026-06-02,2026-06-02,k8s-ci-robot
139435,xigang,2026-06-02,2026-06-09,k8s-ci-robot
139439,pohly,2026-06-02,2026-06-02,k8s-ci-robot
139440,serathius,2026-06-02,2026-06-02,k8s-ci-robot
139443,omerap12,2026-06-02,2026-06-10,k8s-ci-robot
139445,HirazawaUi,2026-06-02,2026-06-08,k8s-ci-robot
139446,pohly,2026-06-02,2026-06-08,k8s-ci-robot
139447,HirazawaUi,2026-06-02,2026-06-08,k8s-ci-robot
139448,HirazawaUi,2026-06-02,2026-06-08,k8s-ci-robot
139452,serathius,2026-06-02,2026-06-03,k8s-ci-robot
139457,akhilsingh-git,2026-06-03,2026-06-11,k8s-ci-robot
139466,soltysh,2026-06-03,2026-06-03,k8s-ci-robot
139467,serathius,2026-06-03,2026-06-03,k8s-ci-robot
139473,srikiz,2026-06-03,2026-06-12,k8s-ci-robot
139479,BenTheElder,2026-06-03,2026-06-03,k8s-ci-robot
139480,lalitc375,2026-06-03,2026-06-03,k8s-ci-robot
139482,p0lyn0mial,2026-06-03,2026-06-11,k8s-ci-robot
139483,jm-franc,2026-06-03,2026-06-12,k8s-ci-robot
139495,serathius,2026-06-04,2026-06-05,k8s-ci-robot
139499,serathius,2026-06-04,2026-06-04,k8s-ci-robot
139503,princepereira,2026-06-04,2026-06-12,k8s-ci-robot
139508,lalitc375,2026-06-04,2026-06-08,k8s-ci-robot
139509,lalitc375,2026-06-04,2026-06-08,k8s-ci-robot
139511,sunya-ch,2026-06-05,2026-06-13,k8s-ci-robot
139516,Vinayak9769,2026-06-05,2026-06-06,k8s-ci-robot
139520,macsko,2026-06-05,2026-06-17,k8s-ci-robot
139524,serathius,2026-06-05,2026-06-05,k8s-ci-robot
139527,Jefftree,2026-06-05,2026-06-06,k8s-ci-robot
139530,QiWang19,2026-06-05,2026-06-11,k8s-ci-robot
139532,serathius,2026-06-06,2026-06-06,k8s-ci-robot
139533,serathius,2026-06-06,2026-06-08,k8s-ci-robot
139536,serathius,2026-06-06,2026-06-08,k8s-ci-robot
139542,Jefftree,2026-06-06,2026-06-11,k8s-ci-robot
139547,HirazawaUi,2026-06-07,2026-06-07,k8s-ci-robot
139549,serathius,2026-06-07,2026-06-08,k8s-ci-robot
139557,serathius,2026-06-08,2026-06-09,k8s-ci-robot
139560,yongruilin,2026-06-08,2026-06-11,k8s-ci-robot
139562,yongruilin,2026-06-08,2026-06-11,k8s-ci-robot
139566,Jefftree,2026-06-08,2026-06-08,k8s-ci-robot
139567,serathius,2026-06-08,2026-06-08,k8s-ci-robot
139568,lalitc375,2026-06-08,2026-06-22,kubernetes-prow[bot]
139572,weizhoublue,2026-06-09,2026-06-18,k8s-ci-robot
139573,jpbetz,2026-06-09,2026-06-11,k8s-ci-robot
139580,amritansh1502,2026-06-09,2026-06-09,k8s-ci-robot
139584,cpanato,2026-06-09,2026-06-09,k8s-ci-robot
139585,cpanato,2026-06-09,2026-06-09,k8s-ci-robot
139586,ania-borowiec,2026-06-09,2026-06-16,k8s-ci-robot
139588,cpanato,2026-06-09,2026-06-09,k8s-ci-robot
139589,cpanato,2026-06-09,2026-06-09,k8s-ci-robot
139590,cpanato,2026-06-09,2026-06-09,k8s-ci-robot
139594,liggitt,2026-06-09,2026-06-09,k8s-ci-robot
139595,serathius,2026-06-09,2026-06-09,k8s-ci-robot
139599,liggitt,2026-06-09,2026-06-09,k8s-ci-robot
139601,Jefftree,2026-06-09,2026-06-11,k8s-ci-robot
139607,liggitt,2026-06-09,2026-06-10,k8s-ci-robot
139608,yongruilin,2026-06-09,2026-06-10,k8s-ci-robot
139609,amritansh1502,2026-06-10,2026-06-10,k8s-ci-robot
139612,weizhoublue,2026-06-10,2026-06-10,k8s-ci-robot
139617,jpbetz,2026-06-10,2026-06-12,k8s-ci-robot
139618,jpbetz,2026-06-10,2026-06-11,k8s-ci-robot
139619,Jefftree,2026-06-10,2026-06-10,k8s-ci-robot
139621,ashvindeodhar,2026-06-10,2026-06-17,k8s-ci-robot
139626,lukaszwojciechowski,2026-06-10,2026-06-16,k8s-ci-robot
139629,Bafff,2026-06-10,2026-06-12,k8s-ci-robot
139630,zylxjtu,2026-06-10,2026-06-11,k8s-ci-robot
139634,lukaszwojciechowski,2026-06-10,2026-06-11,k8s-ci-robot
139636,cheftako,2026-06-10,2026-06-11,k8s-ci-robot
139637,lalitc375,2026-06-10,2026-06-11,k8s-ci-robot
139639,weizhoublue,2026-06-11,2026-06-18,k8s-ci-robot
139643,togettoyou,2026-06-11,2026-06-11,k8s-ci-robot
139644,krishhna24,2026-06-11,2026-06-12,k8s-ci-robot
139646,p0lyn0mial,2026-06-11,2026-06-11,k8s-ci-robot
139647,bart0sh,2026-06-11,2026-06-11,k8s-ci-robot
139651,nojnhuh,2026-06-11,2026-06-12,k8s-ci-robot
139655,serathius,2026-06-11,2026-06-12,k8s-ci-robot
139658,serathius,2026-06-11,2026-06-12,k8s-ci-robot
139661,serathius,2026-06-12,2026-06-12,k8s-ci-robot
139664,yedou37,2026-06-12,2026-06-14,k8s-ci-robot
139667,damdo,2026-06-12,2026-06-17,k8s-ci-robot
139669,skitt,2026-06-12,2026-06-18,k8s-ci-robot
139673,suii2210,2026-06-12,2026-06-18,k8s-ci-robot
139676,serathius,2026-06-12,2026-06-12,k8s-ci-robot
139678,amigo-nishant,2026-06-12,2026-06-15,k8s-ci-robot
139682,nojnhuh,2026-06-12,2026-06-15,k8s-ci-robot
139693,lukaszwojciechowski,2026-06-12,2026-06-12,k8s-ci-robot
139704,serathius,2026-06-13,2026-06-13,k8s-ci-robot
139706,krishhna24,2026-06-13,2026-06-13,k8s-ci-robot
139719,serathius,2026-06-14,2026-06-15,k8s-ci-robot
139720,serathius,2026-06-14,2026-06-15,k8s-ci-robot
139721,sreeram-venkitesh,2026-06-14,2026-06-18,k8s-ci-robot
139725,suii2210,2026-06-14,2026-06-15,k8s-ci-robot
139731,LionelJouin,2026-06-14,2026-06-16,k8s-ci-robot
139732,LionelJouin,2026-06-14,2026-06-16,k8s-ci-robot
139737,bart0sh,2026-06-15,2026-06-15,k8s-ci-robot
139741,bart0sh,2026-06-15,2026-06-15,k8s-ci-robot
139743,antekjb,2026-06-15,2026-06-17,k8s-ci-robot
139745,ngopalak-redhat,2026-06-15,2026-06-20,k8s-ci-robot
139746,aman4433,2026-06-15,2026-06-18,k8s-ci-robot
139747,serathius,2026-06-15,2026-06-15,k8s-ci-robot
139749,danwinship,2026-06-15,2026-06-15,k8s-ci-robot
139754,serathius,2026-06-15,2026-06-15,k8s-ci-robot
139755,michaelasp,2026-06-15,2026-06-17,k8s-ci-robot
139756,jiteshkumardj,2026-06-15,2026-06-16,k8s-ci-robot
139760,zylxjtu,2026-06-15,2026-06-22,kubernetes-prow[bot]
139774,ErikJiang,2026-06-16,2026-06-16,k8s-ci-robot
139776,serathius,2026-06-16,2026-06-16,k8s-ci-robot
139777,neolit123,2026-06-16,2026-06-16,k8s-ci-robot
139779,PatrickLaabs,2026-06-16,2026-06-16,k8s-ci-robot
139785,pohly,2026-06-16,2026-06-16,k8s-ci-robot
139787,tosi3k,2026-06-16,2026-06-16,k8s-ci-robot
139793,serathius,2026-06-16,2026-06-16,k8s-ci-robot
139802,p0lyn0mial,2026-06-17,2026-06-18,k8s-ci-robot
139805,pohly,2026-06-17,2026-06-18,k8s-ci-robot
139808,damdo,2026-06-17,2026-06-17,k8s-ci-robot
139809,damdo,2026-06-17,2026-06-17,k8s-ci-robot
139810,damdo,2026-06-17,2026-06-17,k8s-ci-robot
139811,damdo,2026-06-17,2026-06-17,k8s-ci-robot
139814,AkCodes23,2026-06-17,2026-06-18,k8s-ci-robot
139815,serathius,2026-06-17,2026-06-18,k8s-ci-robot
139816,serathius,2026-06-17,2026-06-17,k8s-ci-robot
139819,jiteshkumardj,2026-06-17,2026-06-22,kubernetes-prow[bot]
139820,liggitt,2026-06-17,2026-06-17,k8s-ci-robot
139825,michaelasp,2026-06-17,2026-06-18,k8s-ci-robot
139826,jpbetz,2026-06-17,2026-06-18,k8s-ci-robot
139839,s3onghyun,2026-06-18,2026-06-18,k8s-ci-robot
139842,jihyun-huh,2026-06-18,2026-06-22,kubernetes-prow[bot]
139846,aojea,2026-06-18,2026-06-22,kubernetes-prow[bot]
139847,ffromani,2026-06-18,2026-06-18,k8s-ci-robot
139848,serathius,2026-06-18,2026-06-19,k8s-ci-robot
139851,jpbetz,2026-06-18,2026-06-19,k8s-ci-robot
139852,jpbetz,2026-06-18,2026-06-19,k8s-ci-robot
139853,jpbetz,2026-06-18,2026-06-19,k8s-ci-robot
139854,jpbetz,2026-06-18,2026-06-19,k8s-ci-robot
139855,jpbetz,2026-06-18,2026-06-19,k8s-ci-robot
139860,p0lyn0mial,2026-06-18,2026-06-19,k8s-ci-robot
139861,lalitc375,2026-06-18,2026-06-18,k8s-ci-robot
139867,liggitt,2026-06-18,2026-06-18,k8s-ci-robot
139868,liggitt,2026-06-18,2026-06-19,k8s-ci-robot
139880,brejman,2026-06-19,2026-06-22,kubernetes-prow[bot]
139885,Jefftree,2026-06-19,2026-06-19,k8s-ci-robot
139896,pohly,2026-06-21,2026-06-21,kubernetes-prow[bot]
139904,pacoxu,2026-06-22,2026-06-22,kubernetes-prow[bot]
139906,macsko,2026-06-22,2026-06-22,kubernetes-prow[bot]
139912,macsko,2026-06-22,2026-06-22,kubernetes-prow[bot]
