idx,n,density,noise,ergodic,psi,i,log2_kappa,H_pi,h_pi,phi_psi,phi_mean,phi_max,phi_piw,gates,phi_wms,stochastic_interaction,total_correlation,causal_density,integrated_synergy,tdmi
0,3,0.3,0.0,0,1.0,2.0,3.0,2.0,0.0,-1.3219280948873537,0.0,0.0,0.0,or|copy|or,-1.0,0.0,1.0,0.0,-1.0,2.0
1,3,0.3,0.0,0,0.0,3.0,3.0,3.0,0.0,0.0,0.0,0.0,0.0,copy|parity|copy,0.0,0.0,0.0,0.0,0.0,3.0
2,3,0.3,0.0,0,0.75,2.25,3.0,2.25,0.0,-0.47239242133644654,0.0,0.0,0.0,or|or|parity,-0.2935644431995963,0.0,0.2935644431995965,0.0,-0.2935644431995963,2.25
3,3,0.3,0.0,0,0.0,3.0,3.0,3.0,0.0,0.0,2.0,2.0,2.0,and|or|and,2.0,2.999999999876084,0.0,0.5,0.0,3.0
4,3,0.3,0.0,0,1.0,2.0,3.0,2.0,0.0,-1.3219280948873537,0.0,0.0,0.0,copy|majority|and,-1.0,0.0,1.0,0.0,-1.0,2.0
5,3,0.3,0.0,0,0.0,3.0,3.0,3.0,0.0,0.0,2.0,2.0,2.0,or|or|majority,2.0,2.999999999876084,0.0,0.5,0.0,3.0
6,3,0.3,0.0,0,0.0,3.0,3.0,3.0,0.0,0.0,0.0,0.0,0.0,majority|copy|majority,0.0,1.999999999917389,0.0,0.3333333333333333,0.0,3.0
7,3,0.3,0.0,0,0.0,3.0,3.0,3.0,0.0,0.0,2.0,2.0,2.0,parity|or|or,2.0,2.999999999876084,0.0,0.5,0.0,3.0
8,3,0.3,0.0,0,2.0,1.0,3.0,1.0,0.0,-0.32192809488735374,0.0,0.0,0.0,parity|and|or,-1.0,0.0,2.0,0.0,-1.0,1.0
9,3,0.3,0.0,0,0.0,3.0,3.0,3.0,0.0,0.0,0.0,0.0,0.0,and|parity|parity,1.0,2.999999999876084,0.0,0.5,0.0,3.0
10,3,0.3,0.0,0,2.0,1.0,3.0,1.0,0.0,-0.32192809488735374,0.0,0.0,0.0,and|copy|and,-1.0,0.0,2.0,0.0,-1.0,1.0
11,3,0.3,0.0,0,2.0,1.0,3.0,1.0,0.0,-0.32192809488735374,0.0,0.0,0.0,copy|or|and,-1.0,0.0,2.0,0.0,-1.0,1.0
12,3,0.3,0.0,0,2.0,1.0,3.0,1.0,0.0,-0.32192809488735374,0.0,0.0,0.0,and|or|majority,-1.0,0.0,2.0,0.0,-1.0,1.0
13,3,0.3,0.0,0,2.0,1.0,3.0,1.0,0.0,-0.32192809488735374,0.0,0.0,0.0,majority|and|parity,-1.0,0.0,2.0,0.0,-1.0,1.0
14,3,0.3,0.0,0,2.0,1.0,3.0,1.0,0.0,-0.32192809488735374,0.0,0.0,0.0,parity|parity|majority,-1.0,0.0,2.0,0.0,-1.0,1.0
15,3,0.3,0.05,1,0.5470574518127169,1.5937516768394147,3.859190871347869,2.4529425481872833,0.8591908713478686,1.1102230246251565e-16,0.0,0.0,0.0,majority|copy|or,-0.26112312119378833,0.28593433061892837,0.5470574518127167,0.04765572176982142,-0.4885396118317419,1.5937516768394144
16,3,0.3,0.05,1,1.2898019323978582,0.8510071962542729,3.859190871347869,1.7101980676021418,0.8591908713478689,-0.3054938853057767,0.0,0.0,0.0,and|or|or,0.2186882544060057,0.5676716889894929,0.17406775981988898,0.08978366376778023,-0.11362948340345957,0.8510071962558219
17,3,0.3,0.05,1,0.9505304314347922,1.1902786972173394,3.859190871347869,2.049469568565208,0.8591908713478686,-0.14945802669676134,0.0,0.0,0.0,majority|parity|and,-0.26989883719514296,0.37336056930965456,0.5981180826621091,0.06995061932276651,-0.49933075306449803,1.1902786972175625
18,3,0.3,0.05,1,0.5084229170693197,1.6323862115828118,3.859190871347869,2.4915770829306805,0.8591908713478686,-0.22550266052116086,0.1984821878711604,0.7939287514846416,0.07967488057763732,majority|parity|parity,0.36143484132655734,1.4807863486592345,0.06475838687612878,0.19788555533508653,0.13774022690133003,1.6323862115828267
19,3,0.3,0.05,1,0.5586598289967667,1.5821492996553652,3.859190871347869,2.4413401710032336,0.8591908713478685,0.25062902499719264,0.0,0.0,0.0,and|copy|majority,-0.1498750856283464,1.6845390074311233,0.40720800729138196,0.3327347235888393,-0.36129483686941666,1.5821492996553654
20,3,0.3,0.05,1,0.5470574518127169,1.5937516768394147,3.859190871347869,2.4529425481872833,0.8591908713478686,2.220446049250313e-16,0.0,0.0,0.0,majority|and|parity,0.16654559107132672,2.140809128652131,0.5470574518127167,0.4280796401528743,-0.42766871226511494,1.5937516768394144
21,3,0.3,0.05,1,1.9354486829472828,0.20536044570484935,3.859190871347869,1.0645513170527179,0.8591908713478685,-0.3401478891081148,0.0992410939355802,0.7939287514846416,0.002372284328746356,and|and|or,0.02445077726620165,0.21038872288223243,0.008060962785894299,0.03356841964564473,-0.004035108912222807,0.20536044570659612
22,3,0.3,0.05,1,2.220446049250313e-16,2.1408091286521316,3.859190871347869,3.0,0.8591908713478686,-2.220446049250313e-16,1.5878575029692836,1.5878575029692836,1.5878575029692836,and|parity|parity,1.4272060857680873,2.1408091286521316,0.0,0.23786768096134794,4.440892098500626e-16,2.1408091286521316
23,3,0.3,0.05,1,1.4866035236632822,0.6542056049888489,3.859190871347869,1.5133964763367178,0.8591908713478689,-0.30844211609013406,0.0,0.0,0.0,or|parity|and,0.14321968571187227,0.6509920972744053,0.14307989441312263,0.1289281348001614,-0.10568656040174423,0.6542056049901521
24,3,0.3,0.05,1,0.5470574518127169,1.5937516768394147,3.859190871347869,2.4529425481872833,0.8591908713478686,2.220446049250313e-16,0.0,0.0,0.0,copy|parity|copy,0.16654559107132627,2.140809128652131,0.5470574518127167,0.4280796401528742,-0.4276687122651154,1.5937516768394144
25,3,0.3,0.05,1,2.220446049250313e-16,2.1408091286521316,3.859190871347869,3.0,0.8591908713478686,-2.220446049250313e-16,1.5878575029692836,1.5878575029692836,1.5878575029692836,parity|parity|and,1.4272060857680873,2.1408091286521316,0.0,0.35680152144202193,2.220446049250313e-16,2.1408091286521316
26,3,0.3,0.05,1,2.220446049250313e-16,2.1408091286521316,3.859190871347869,3.0,0.8591908713478686,-2.220446049250313e-16,0.0,0.0,0.0,parity|and|copy,2.220446049250313e-16,1.427206085768088,0.0,0.23786768096134794,0.0,2.1408091286521316
27,3,0.3,0.05,1,1.161270091520276,0.9795390371318555,3.859190871347869,1.8387299084797242,0.8591908713478686,-0.430795789504423,0.0,0.0,0.0,parity|or|majority,0.04068579295597646,0.3631843352545011,0.08026010478820123,0.06226854645867169,-0.059082557021101545,0.9795390371327052
28,3,0.3,0.05,1,0.9505304314347923,1.1902786972173396,3.859190871347869,2.049469568565208,0.8591908713478685,-0.14945802669676167,0.0,0.0,0.0,copy|majority|and,-0.26989883719514296,0.3733605693096542,0.5981180826621086,0.06995061932276654,-0.4993307530644979,1.1902786972175625
29,3,0.3,0.05,1,0.9292475566673923,1.2115615719847388,3.859190871347869,2.0707524433326077,0.8591908713478689,0.3821901048546752,0.0,0.0,0.0,copy|copy|parity,-0.3339383779807613,0.7308741310403372,0.9292475566673923,0.15780626002787246,-0.5730814362691491,1.2115615719847388
30,3,0.3,0.2,1,0.11681919390621909,0.7173965214316946,5.165784284662087,2.8831808060937814,2.1657842846620867,-0.039008666228358635,0.0,0.0,0.0,and|parity|or,2.7755575615628914e-16,0.08374167716292824,0.016110795047368676,0.01395694619382129,1.6653345369377348e-16,0.7173965214317033
31,3,0.3,0.2,1,0.03392190240477433,0.8002938129331385,5.165784284662087,2.9660780975952257,2.165784284662087,0.03392190240477455,0.0,0.0,0.0,parity|parity|parity,0.2441500027078631,0.8342157153379128,0.03392190240477433,0.14511096004944937,-0.014053302130324784,0.8002938129331384
32,3,0.3,0.2,1,0.27122833108568134,0.5629873842522315,5.165784284662087,2.7287716689143187,2.165784284662087,-0.07450335726973767,0.0,0.0,0.0,and|majority|or,0.06412986335132276,0.3797004908956576,0.032735260161603996,0.06384857249124522,0.012254287358024307,0.5629873842522554
33,3,0.3,0.2,1,0.19021857161776623,0.6439971437201466,5.165784284662087,2.8097814283822338,2.165784284662087,0.0603903670707564,0.0,0.0,0.0,parity|parity|and,0.1667427356960042,0.47873517518104025,0.16346097905267998,0.0805527516011507,-0.06422637260855246,0.6439971437201473
34,3,0.3,0.2,1,0.0,0.8342157153379128,5.165784284662087,3.0,2.165784284662087,-2.220446049250313e-16,0.0,0.0,0.0,copy|or|or,6.661338147750939e-16,0.5561438102252749,0.0,0.09269063503754589,3.3306690738754696e-16,0.8342157153379128
35,3,0.3,0.2,1,0.09561854227550626,0.7385971730624066,5.165784284662087,2.9043814577244937,2.165784284662087,-4.440892098500626e-16,0.0,0.0,0.0,majority|parity|copy,1.6653345369377348e-16,0.24415000270786358,0.09561854227550626,0.040691667117977254,-0.05036075937776596,0.7385971730624069
36,3,0.3,0.2,1,0.09561854227550626,0.7385971730624066,5.165784284662087,2.9043814577244937,2.165784284662087,-4.440892098500626e-16,0.0,0.0,0.0,parity|and|or,1.6653345369377348e-16,0.24415000270786358,0.09561854227550626,0.040691667117977254,-0.05036075937776596,0.7385971730624069
37,3,0.3,0.2,1,0.11354546070873628,0.7206702546291766,5.165784284662087,2.8864545392912637,2.165784284662087,0.017926918433230465,0.0,0.0,0.0,majority|parity|copy,0.14085126984132407,0.5178557889403135,0.11354546070873628,0.09186969112550485,-0.06931883194315747,0.7206702546291763
38,3,0.3,0.2,1,0.33589363183968013,0.4983220834982327,5.165784284662087,2.66410636816032,2.165784284662087,-0.05257771497923658,0.0,0.0,0.0,and|copy|parity,0.1409699687663699,0.5263448878251111,0.10253955167601969,0.09059612244340093,-0.020525369898450163,0.4983220834982822
39,3,0.3,0.2,1,0.2051783902015769,0.6290373251363359,5.165784284662087,2.794821609798423,2.165784284662087,-0.05491384078616912,0.0,0.0,0.0,majority|or|and,6.661338147750939e-16,0.3028970017857957,0.02006163440306441,0.05048283363096601,2.7755575615628914e-16,0.629037325136375
40,3,0.3,0.2,1,0.0956185422755067,0.738597173062407,5.165784284662087,2.9043814577244937,2.1657842846620867,6.661338147750939e-16,0.0,0.0,0.0,and|copy|or,0.1824533628371311,0.8342157153379128,0.09561854227550626,0.14468960295711455,-0.033921902404774884,0.738597173062407
41,3,0.3,0.2,1,0.09561854227550626,0.7385971730624066,5.165784284662087,2.9043814577244937,2.165784284662087,-4.440892098500626e-16,0.0,0.0,0.0,copy|parity|parity,1.6653345369377348e-16,0.24415000270786358,0.09561854227550626,0.040691667117977254,-0.05036075937776596,0.7385971730624069
42,3,0.3,0.2,1,0.18970004536806107,0.6445156699698527,5.165784284662087,2.8102999546319394,2.1657842846620867,-0.03244521230700559,0.0,0.0,0.0,majority|or|copy,0.059846773730917846,0.3158433362593662,0.05329298878901412,0.05411240764648197,-0.01714413817335625,0.644515669969866
43,3,0.3,0.2,1,0.0,0.8342157153379128,5.165784284662087,3.0,2.165784284662087,-4.440892098500626e-16,0.34717281541767053,0.3471728154176706,0.34717281541767053,parity|majority|parity,0.5561438102252761,0.8342157153379124,0.0,0.09269063503754592,0.18245336283713204,0.8342157153379128
44,3,0.3,0.2,1,0.11354546070873672,0.7206702546291761,5.165784284662087,2.8864545392912633,2.165784284662087,0.017926918433230687,0.0,0.0,0.0,copy|or|majority,0.14085126984132346,0.5178557889403135,0.11354546070873672,0.09186969112550485,-0.06931883194315802,0.7206702546291763
45,3,0.5,0.0,0,1.7012050593046015,1.2987949406953985,3.0,1.2987949406953985,0.0,-0.6207230355827522,0.0,0.0,0.0,and|or|majority,-0.8112781244591328,0.0,0.8673257514224635,0.0,-0.8112781244591328,1.2987949406953985
46,3,0.5,0.0,0,1.5943609377704335,1.4056390622295665,3.0,1.4056390622295665,0.0,-0.7275671571169202,0.0,0.0,0.0,copy|and|copy,-1.0,0.0,1.13792538097003,0.0,-1.0,1.4056390622295662
47,3,0.5,0.0,0,0.0,3.0,3.0,3.0,0.0,0.0,2.0,2.0,2.0,parity|parity|copy,2.0,2.999999999876084,0.0,0.16666666666666666,0.0,3.0
48,3,0.5,0.0,0,0.8443609377704338,2.1556390622295662,3.0,2.1556390622295662,0.0,-0.29424740770635904,0.13834583309294793,0.41503749927884376,0.05187968740985547,or|parity|majority,0.050796494570837236,1.7624831836811234,0.342359383894995,0.29582772792124473,-0.2935644431995963,2.1556390622295662
49,3,0.5,0.0,0,1.0943609377704335,1.9056390622295665,3.0,1.9056390622295665,0.0,-0.6769350411342709,0.08300749985576875,0.41503749927884376,0.0,parity|copy|and,0.0,1.8568441214515572,0.04879494073670432,0.30947402025569465,-0.04879494069539869,1.9056390622295662
50,3,0.5,0.0,0,1.0943609377704335,1.9056390622295665,3.0,1.9056390622295665,0.0,-0.5662047250716994,0.6666666666666666,2.0,0.0,majority|parity|copy,0.0,1.8568441214515574,0.04879494073670432,0.30947402025569465,-0.04879494069539869,1.9056390622295662
51,3,0.5,0.0,0,2.4564355568004035,0.5435644431995964,3.0,0.5435644431995964,0.0,0.13450746191304974,0.6666666666666666,2.0,0.25,and|parity|or,-0.5435644431995963,0.0,1.0871288863991926,0.0,-0.5435644431995963,0.5435644431995963
52,3,0.5,0.0,0,2.0,1.0,3.0,1.0,0.0,-0.32192809488735374,0.0,0.0,0.0,or|copy|copy,-1.0,0.0,2.0,0.0,-1.0,1.0
53,3,0.5,0.0,0,0.75,2.25,3.0,2.25,0.0,-0.18372698988389624,0.0,0.0,0.0,or|parity|majority,-0.2935644431995963,1.9999999999173894,0.2935644431995965,0.3852130207431888,-0.2935644431995963,2.25
54,3,0.5,0.0,0,2.0,1.0,3.0,1.0,0.0,-0.32192809488735374,0.0,0.0,0.0,or|or|copy,-1.0,0.0,2.0,0.0,-1.0,1.0
55,3,0.5,0.0,0,2.4564355568004035,0.5435644431995964,3.0,0.5435644431995964,0.0,0.13450746191304974,0.4830074998557688,2.0,0.25,majority|or|majority,-0.5435644431995963,2.5849394142282115e-26,1.0871288863991926,0.0,-0.5435644431995963,0.5435644431995963
56,3,0.5,0.0,0,0.0,3.0,3.0,3.0,0.0,0.0,0.0,0.0,0.0,parity|parity|copy,1.0,2.999999999876084,0.0,0.3333333333333333,0.0,3.0
57,3,0.5,0.0,0,1.5,1.5,3.0,1.5,0.0,-0.8219280948873537,0.0,0.0,0.0,copy|parity|or,-0.8112781244591328,0.0,1.1225562489182659,0.0,-0.8112781244591328,1.5
58,3,0.5,0.0,0,0.75,2.25,3.0,2.25,0.0,-0.18372698988389624,0.0,0.0,0.0,copy|copy|or,-0.2935644431995963,1.9999999999173894,0.2935644431995965,0.38521302074318875,-0.2935644431995963,2.25
59,3,0.5,0.0,0,1.188721875540867,1.811278124459133,3.0,1.811278124459133,0.0,-1.1332062193464867,0.0,0.0,0.0,parity|and|majority,-0.8112781244591328,0.0,0.8112781244591329,0.0,-0.8112781244591328,1.8112781244591327
60,3,0.5,0.05,1,1.73178884754161,0.4090202811105218,3.859190871347869,1.2682111524583903,0.8591908713478685,-0.5299049258997205,0.0,0.0,0.0,and|and|copy,0.018292661547997024,0.33740124390461346,0.07687014484632182,0.06002901639095873,-0.05237371989431859,0.4090202811122982
61,3,0.5,0.05,1,1.2283183384236585,0.9124907902284731,3.859190871347869,1.7716816615763418,0.8591908713478686,-0.4666026915381143,0.26640629200617616,0.7939287514846416,0.06505469644587639,majority|parity|majority,0.43974139312585303,0.6760635218863661,0.031083495044423648,0.07324154435357483,0.19921692047430695,0.9124907902296399
62,3,0.5,0.05,1,1.59090180761472,0.5499073210374118,3.859190871347869,1.4090981923852803,0.8591908713478685,-0.3924401885325376,0.39696437574232085,1.5878575029692834,0.02802458129320016,majority|or|majority,0.21250566268016935,0.5411361935531585,0.019526247266516528,0.09278847272629616,-0.015530361419058447,0.5499073210386396
63,3,0.5,0.05,1,0.6209976784442388,1.5198114502078928,3.859190871347869,2.3790023215557614,0.8591908713478686,-0.036753852043539426,0.0,0.0,0.0,majority|copy|copy,-0.014286327009104038,0.9270523469802009,0.15633977913413144,0.16051459099731205,-0.11494141513697209,1.5198114502080815
64,3,0.5,0.05,1,0.974962601305313,1.1658465273468186,3.859190871347869,2.0250373986946872,0.8591908713478686,-0.12407665285710118,0.0,0.0,0.0,majority|and|majority,-0.14151263827201122,0.2915044135332234,0.43926874902014656,0.052596464127205235,-0.30483612274548655,1.165846527347062
65,3,0.5,0.05,1,0.9802236808084521,1.1605854478436795,3.859190871347869,2.019776319191548,0.8591908713478686,-0.22938999760772427,0.06432030195303928,0.3343303961411919,0.015008919576588104,majority|parity|majority,0.4471320998221632,0.9382194859898981,0.054867366022471664,0.14642714912835833,-0.03573280593175804,1.160585447843629
66,3,0.5,0.05,1,2.0362320914852514,0.1045770371668805,3.859190871347869,0.963767908514749,0.8591908713478685,-0.5031638727717842,0.08358259903529798,0.3343303961411919,0.002774042177895503,and|majority|majority,0.046726755189036684,0.09184837917408706,0.012953729804824121,0.012891282964980462,0.009379177749204229,0.10457703716855979
67,3,0.5,0.05,1,2.220446049250313e-16,2.1408091286521316,3.859190871347869,3.0,0.8591908713478686,-5.551115123125783e-17,0.0,0.0,0.0,copy|parity|and,2.220446049250313e-16,0.7136030428840445,0.0,0.11893384048067397,4.440892098500626e-16,2.1408091286521316
68,3,0.5,0.05,1,1.6860482522287126,0.45476087642341867,3.859190871347869,1.3139517477712874,0.8591908713478688,-0.43916800070937834,0.0,0.0,0.0,majority|copy|or,0.04647010684771441,0.5390608922545235,0.2503523478965679,0.1009074527069842,-0.09381869521403635,0.4547608764247016
69,3,0.5,0.05,1,0.9198941277997337,1.2209150008523975,3.859190871347869,2.0801058722002663,0.8591908713478689,-0.03507659872316782,0.0,0.0,0.0,copy|or|and,-0.2731254431911742,0.3726700612510543,0.6520472016570782,0.0691594888101448,-0.5048641207142042,1.2209150008525802
70,3,0.5,0.05,1,2.220446049250313e-16,2.1408091286521316,3.859190871347869,3.0,0.8591908713478686,-2.220446049250313e-16,0.0,0.0,0.0,and|or|majority,2.220446049250313e-16,1.427206085768088,0.0,0.23786768096134794,0.0,2.1408091286521316
71,3,0.5,0.05,1,0.5415599370323877,1.5992491916197435,3.859190871347869,2.4584400629676124,0.8591908713478688,-0.2132804180370561,0.0,0.0,0.0,or|parity|and,0.10696154732701513,1.441075436814069,0.056646100679905054,0.2420415329824137,-0.018277991213913602,1.5992491916197529
72,3,0.5,0.05,1,1.6583761889335085,0.4824329397186232,3.859190871347869,1.3416238110664918,0.8591908713478685,-0.2221534511318919,0.19848218787116043,1.5878575029692834,0.0069223863988708174,majority|majority|and,0.18216149255967626,0.48476232557315246,0.006301064415672908,0.0817939699495052,-0.004066472775999641,0.4824329397200203
73,3,0.5,0.05,1,2.220446049250313e-16,2.1408091286521316,3.859190871347869,3.0,0.8591908713478686,0.0,0.0,0.0,0.0,copy|copy|copy,0.0,1.427206085768088,0.0,0.23786768096134792,1.1102230246251565e-16,2.1408091286521316
74,3,0.5,0.05,1,1.44564076856503,0.6951683600871015,3.859190871347869,1.5543592314349701,0.8591908713478686,-0.36486665855484834,0.0,0.0,0.0,majority|or|majority,0.2604380716536417,0.6908308131480763,0.18815430398417088,0.12397523125297104,-0.1062895279017434,0.6951683600883477
75,3,0.5,0.2,1,0.0,0.8342157153379128,5.165784284662087,3.0,2.165784284662087,-4.440892098500626e-16,0.6943456308353413,0.6943456308353413,0.6943456308353413,copy|parity|copy,0.5561438102252751,0.8342157153379124,0.0,0.1390359525563189,-3.3306690738754696e-16,0.8342157153379128
76,3,0.5,0.2,1,0.24185743666836368,0.5923582786695492,5.165784284662087,2.7581425633316363,2.165784284662087,-0.030107894674404445,0.0,0.0,0.0,or|or|and,0.23297177589760032,0.5723358259231404,0.05652868264281308,0.09225804190273516,-0.013915025928473268,0.5923582786695871
77,3,0.5,0.2,1,0.2468892936406375,0.5873264216972753,5.165784284662087,2.7531107063593625,2.165784284662087,-0.06780068842644349,0.17358640770883532,0.6943456308353413,0.09058510069726444,or|and|or,0.27745747953294186,0.5514799572618148,0.017488324201788696,0.09286850348107822,-0.009886069372434525,0.5873264216973111
78,3,0.5,0.2,1,0.34007895488765527,0.4941367604502567,5.165784284662087,2.6599210451123443,2.1657842846620876,-0.05395337389841237,0.08679320385441766,0.6943456308353413,0.03148814059320246,majority|copy|and,0.23273043775378727,0.4898708315984508,0.006444645152769102,0.08014693420085627,0.010196062801650002,0.4941367604503084
79,3,0.5,0.2,1,0.09914748587980604,0.7350682294581068,5.165784284662087,2.900852514120194,2.165784284662087,-7.209821755260748e-05,0.1661084389461415,0.6943456308353413,0.16669677313788356,copy|parity|and,0.4273941953603201,0.7563185179222716,0.03353146174126875,0.07669243746472193,0.1834600275203678,0.7350682294581127
80,3,0.5,0.2,1,0.2468892936406375,0.5873264216972753,5.165784284662087,2.7531107063593625,2.165784284662087,-0.06780068842644349,0.17358640770883532,0.6943456308353413,0.09058510069726444,copy|parity|or,0.27745747953294153,0.5514799572618143,0.01748832420178914,0.09286850348107807,-0.009886069372435025,0.5873264216973112
81,3,0.5,0.2,1,0.1976956970852446,0.6365200182526674,5.165784284662087,2.802304302914755,2.1657842846620876,-0.020286185012908797,0.10391093424635525,0.6943456308353413,0.06070631671408884,or|parity|majority,0.34410403504085385,0.6539536544471165,0.01985072092959994,0.10049547794894327,-0.008279151539795832,0.6365200182527082
82,3,0.5,0.2,1,0.11789694149664687,0.716318773841266,5.165784284662087,2.882103058503353,2.165784284662087,0.007491613735029601,0.10391093424635528,0.6943456308353413,0.0791093449336779,parity|or|and,0.37394524886894426,0.7111971065500011,0.03140925370280945,0.10687519479212637,0.04153877422545213,0.7163187738412844
83,3,0.5,0.2,1,0.09561854227550715,0.7385971730624075,5.165784284662087,2.9043814577244937,2.1657842846620863,1.3322676295501878e-15,0.0,0.0,0.0,copy|copy|parity,-2.7755575615628914e-16,0.2441500027078627,0.09561854227550626,0.04069166711797715,-0.05036075937776663,0.738597173062407
84,3,0.5,0.2,1,0.18970004536806018,0.6445156699698527,5.165784284662087,2.81029995463194,2.165784284662087,-0.0324452123070067,0.0,0.0,0.0,or|copy|and,0.059846773730917624,0.31584333625936667,0.05329298878901412,0.05411240764648204,-0.017144138173356437,0.6445156699698663
85,3,0.5,0.2,1,0.09428640772694852,0.7399293076109643,5.165784284662087,2.9057135922730515,2.165784284662087,-0.006233467513195423,0.0,0.0,0.0,majority|majority|parity,0.10668516044103399,0.4595329100569181,0.025484002162624364,0.06722781867400612,0.03261605557922764,0.7399293076109688
86,3,0.5,0.2,1,0.09561854227550626,0.7385971730624066,5.165784284662087,2.9043814577244937,2.165784284662087,0.0,0.0,0.0,0.0,parity|copy|majority,1.1102230246251565e-16,0.24415000270786313,0.09561854227550626,0.04069166711797719,-0.05036075937776635,0.738597173062407
87,3,0.5,0.2,1,0.12508982651401102,0.7091258888239018,5.165784284662087,2.874910173485989,2.165784284662087,0.027927297304029874,0.0,0.0,0.0,parity|majority|parity,0.15206296626342508,0.48929275326556443,0.05915788188950177,0.07436081798089518,-0.017452864806214885,0.7091258888239019
88,3,0.5,0.2,1,0.23547843196888518,0.5987372833690277,5.165784284662087,2.764521568031115,2.165784284662087,-0.04437372490283131,0.0,0.0,0.0,majority|parity|copy,0.24613340028406594,0.5620906481582235,0.03312188049142817,0.05902141347052286,-0.004141239727748713,0.5987372833690648
89,3,0.5,0.2,1,0.12508982651401102,0.7091258888239018,5.165784284662087,2.874910173485989,2.165784284662087,0.032254356321652855,0.0,0.0,0.0,majority|or|or,0.13603899830626637,0.7513406904210433,0.05915788188950177,0.11902688345168881,-0.029333247412505613,0.709125888823902
90,3,0.8,0.0,0,1.7012050593046015,1.2987949406953985,3.0,1.2987949406953985,0.0,-0.6207230355827522,0.0,0.0,0.0,and|or|and,-0.5435644431995963,2.5849394142282115e-26,0.5996120701629271,0.0,-0.5435644431995963,1.2987949406953985
91,3,0.8,0.0,0,1.0,2.0,3.0,2.0,0.0,-0.22239242133644654,0.0,0.0,0.0,or|majority|majority,-0.5,0.0,0.6225562489182659,0.0,-0.5,2.0
92,3,0.8,0.0,0,1.5,1.5,3.0,1.5,0.0,-0.8219280948873537,0.0,0.0,0.0,majority|copy|or,-0.8112781244591328,0.0,0.9338343733773984,0.0,-0.8112781244591328,1.5
93,3,0.8,0.0,0,1.7012050593046015,1.2987949406953985,3.0,1.2987949406953985,0.0,-0.6207230355827522,0.0,0.0,0.0,or|and|or,-0.5435644431995963,0.0,0.5996120701629271,0.0,-0.5435644431995963,1.2987949406953985
94,3,0.8,0.0,0,0.5,2.5,3.0,2.5,0.0,0.4281375436398197,0.3804510410056068,0.41503749927884376,0.38909765557391607,and|parity|majority,1.188721875540867,2.811278124335217,0.5,0.5093984370492775,-0.5,2.5
95,3,0.8,0.0,0,2.4564355568004035,0.5435644431995964,3.0,0.5435644431995964,0.0,0.13450746191304974,0.4,2.0,0.25,and|copy|copy,-0.5435644431995963,2.5849394142282115e-26,1.0871288863991926,0.0,-0.5435644431995963,0.5435644431995963
96,3,0.8,0.0,0,0.8443609377704338,2.1556390622295662,3.0,2.1556390622295662,0.0,-0.4942729843275001,0.0,0.0,0.0,majority|copy|parity,-0.75,0.9056390621882612,0.7987949406953989,0.24448619778144987,-0.75,2.1556390622295662
97,3,0.8,0.0,0,1.188721875540867,1.811278124459133,3.0,1.811278124459133,0.0,-0.03805378799485171,0.06917291654647396,0.41503749927884376,0.0,or|majority|parity,-0.2935644431995963,0.6068441215083522,0.49799844612456123,0.13467486347312826,-0.4056390622295667,1.8112781244591325
98,3,0.8,0.0,0,0.75,2.25,3.0,2.25,0.0,-0.47239242133644654,0.0,0.0,0.0,copy|parity|or,-0.2935644431995963,0.9999999999586946,0.2935644431995965,0.1926065103715944,-0.2935644431995963,2.25
99,3,0.8,0.0,0,2.4564355568004035,0.5435644431995964,3.0,0.5435644431995964,0.0,0.13450746191304974,0.4,2.0,0.25,copy|or|copy,-0.5435644431995963,0.0,1.0871288863991926,0.0,-0.5435644431995963,0.5435644431995963
100,3,0.8,0.0,0,1.4512050593046015,1.5487949406953985,3.0,1.5487949406953985,0.0,0.1393397541012762,0.41503749927884376,0.8300749985576875,0.25939843704927734,parity|or|majority,0.020599629547566223,1.2552304974183541,0.7604816298882957,0.17257122708651215,-0.5612781244591328,1.5487949406953985
101,3,0.8,0.0,0,1.938721875540867,1.061278124459133,3.0,1.061278124459133,0.0,-0.3832062193464867,0.0,0.0,0.0,majority|copy|majority,-0.8112781244591328,0.0,1.104842567658729,0.0,-0.8112781244591328,1.061278124459133
102,3,0.8,0.0,0,1.0,2.0,3.0,2.0,0.0,-0.2050986404597409,0.0,0.0,0.0,copy|majority|majority,-0.5487949406953985,1.4750336323899198,0.6225562489182659,0.3250112108241771,-0.5487949406953985,2.0
103,3,0.8,0.0,0,1.938721875540867,1.061278124459133,3.0,1.061278124459133,0.0,-0.3832062193464867,0.0,0.0,0.0,and|and|majority,-0.8112781244591328,0.0,1.104842567658729,0.0,-0.8112781244591328,1.061278124459133
104,3,0.8,0.0,0,0.8443609377704338,2.1556390622295662,3.0,2.1556390622295662,0.0,-0.2924923856001419,0.0,0.0,0.0,or|copy|and,-0.4669171866886991,1.8112781243765224,0.46691718668869964,0.3852130207431888,-0.4669171866886993,2.1556390622295662
105,3,0.8,0.05,1,2.220446049250313e-16,2.1408091286521316,3.859190871347869,3.0,0.8591908713478686,-5.551115123125783e-17,0.0,0.0,0.0,copy|parity|majority,2.220446049250313e-16,0.7136030428840445,0.0,0.11893384048067397,4.440892098500626e-16,2.1408091286521316
106,3,0.8,0.05,1,0.7375445630587235,1.4032645655934077,3.859190871347869,2.2624554369412766,0.8591908713478688,-0.33526218721481416,0.04179129951764899,0.3343303961411919,0.007569665660261166,majority|or|parity,0.12000494151430696,0.8337453843070267,0.11281404567487563,0.13943478517514776,-0.02100548133645863,1.4032645655939229
107,3,0.8,0.05,1,1.260103541581977,0.8807055870701549,3.859190871347869,1.7398964584180234,0.8591908713478685,-0.3696934483742047,0.0,0.0,0.0,copy|and|majority,0.027880082113811933,0.15849252283153525,0.02747959931736288,0.02237258728089775,-0.01334297150343744,0.8807055870711424
108,3,0.8,0.05,1,0.36427178578909714,1.7765373428630344,3.859190871347869,2.635728214210903,0.8591908713478686,0.12336731064784667,0.36336559687013775,1.5260523815178122,0.4491647454586079,parity|majority|parity,0.776506621028638,2.007345451139815,0.32932969155912994,0.28838010577375467,-0.10716498445464628,1.7765373428628244
109,3,0.8,0.05,1,0.8400623731623791,1.3007467554897525,3.859190871347869,2.159937626837621,0.8591908713478686,-0.3305148102134068,0.0,0.0,0.0,majority|copy|and,-0.04345903582305488,0.2349305276252267,0.23382689325703687,0.03828302921363199,-0.15313984489990862,1.3007467554901457
110,3,0.8,0.05,1,2.220446049250313e-16,2.1408091286521316,3.859190871347869,3.0,0.8591908713478686,-2.220446049250313e-16,1.5878575029692834,1.5878575029692834,1.5878575029692834,or|parity|parity,1.4272060857680877,2.1408091286521316,0.0,0.23786768096134792,0.16654559107132738,2.1408091286521316
111,3,0.8,0.05,1,1.3687175280138368,0.7720916006382943,3.859190871347869,1.6312824719861632,0.8591908713478689,-0.3606968004195794,0.04179129951764899,0.3343303961411919,0.01120500030980493,and|majority|or,0.017321238299577324,0.6958456218641931,0.2136140996638165,0.12334368909780229,-0.15299167718654544,0.7720916006402889
112,3,0.8,0.05,1,0.36083435398965535,1.7799747746624766,3.859190871347869,2.639165646010345,0.8591908713478685,-0.06425938781829643,0.0,0.0,0.0,copy|parity|majority,0.42722974009200176,0.7542630600952094,0.09298742784696978,0.05812993456087038,0.06905037726250363,1.779974774662683
113,3,0.8,0.05,1,0.2735287259063579,1.8672804027457732,3.859190871347869,2.726471274093642,0.8591908713478689,0.050706871358903394,0.3969643757423209,1.5878575029692836,0.396964375742321,parity|parity|majority,0.5895455742932525,1.793193033215705,0.2735287259063579,0.23361695506095717,-0.09928842775273394,1.8672804027457728
114,3,0.8,0.05,1,1.057827969271751,1.082981159380381,3.859190871347869,1.9421720307282495,0.8591908713478684,-0.5110818255717352,0.39696437574232085,1.5878575029692834,0.07217534104448675,majority|copy|parity,0.33212762083790015,0.6701458204149731,0.05972851056613693,0.07940290735238394,0.03802370397798016,1.082981159381265
115,3,0.8,0.05,1,0.7793424154211578,1.3614667132309735,3.859190871347869,2.2206575845788423,0.8591908713478688,-0.2641437707440115,0.0,0.0,0.0,and|or|majority,0.11512156679543606,0.331668470291265,0.14953978655587674,0.05223179016277676,0.008190094237558454,1.3614667132310112
116,3,0.8,0.05,1,1.1833940178841722,0.957415110767959,3.859190871347869,1.8166059821158278,0.8591908713478688,0.34856550312813983,0.0,0.0,0.0,copy|copy|copy,-0.35040223545252736,0.5718686612378574,1.1833940178841722,0.11560174339518503,-0.6148530601570588,0.9574151107679587
117,3,0.8,0.05,1,1.449387180203805,0.6914219484483263,3.859190871347869,1.550612819796195,0.8591908713478688,-0.44052521629631713,0.0,0.0,0.0,or|copy|parity,0.29693454881245723,0.6487019145879382,0.10586355095295819,0.08181143389687627,-0.04367884149523249,0.6914219484497004
118,3,0.8,0.05,1,1.5591974063434237,0.5816117223087081,3.859190871347869,1.4408025936565767,0.8591908713478686,-0.3681725326602526,0.19848218787116043,1.5878575029692834,0.02526318251289744,or|parity|copy,0.29480273452804123,0.588055553266272,0.05657395961870937,0.07739840222810164,-0.020098965920739453,0.5816117223098949
119,3,0.8,0.05,1,0.5470574518127169,1.5937516768394147,3.859190871347869,2.4529425481872833,0.8591908713478686,2.220446049250313e-16,0.43863466932853135,0.8772693386570627,0.7939287514846416,parity|parity|copy,0.4524799216902555,2.140809128652131,0.5470574518127167,0.33276819661323137,-0.2859033320770856,1.5937516768394144
120,3,0.8,0.2,1,0.0,0.8342157153379128,5.165784284662087,3.0,2.165784284662087,-6.661338147750939e-16,0.0,0.0,0.0,parity|or|parity,0.46052526794977,0.5561438102252745,0.0,3.6038548167917816e-17,0.18245336283713187,0.8342157153379128
121,3,0.8,0.2,1,0.44327257392519437,0.39094314141271846,5.165784284662087,2.5567274260748056,2.165784284662087,-0.1053267931463685,0.0,0.0,0.0,copy|and|majority,0.01610653926379238,0.09193117006069818,0.005877800763280927,0.013696348086949403,0.0077114722309021555,0.39094314141277353
122,3,0.8,0.2,1,0.2968920086971245,0.5373237066407883,5.165784284662087,2.7031079913028755,2.165784284662087,-0.04875668718446535,0.019171858038970143,0.15337486431176114,0.00803981143570069,majority|or|parity,0.3215416418457756,0.4950101176107178,0.026466285564398895,0.04203455953010476,0.21401207857359955,0.5373237066408185
123,3,0.8,0.2,1,0.31785135564635736,0.5163643596915564,5.165784284662087,2.682148644353643,2.1657842846620867,-0.08106500033182829,0.0,0.0,0.0,copy|and|or,0.09449645476153173,0.1517585749468333,0.01494771223558855,0.022081078809235582,0.04106083620904061,0.5163643596915561
124,3,0.8,0.2,1,0.5845757358441093,0.24963997949380357,5.165784284662087,2.4154242641558907,2.165784284662087,-0.12854313118858207,0.019171858038970112,0.1533748643117609,0.004452107829074352,and|and|majority,0.1272805486551804,0.1993214801267862,0.010840937006315166,0.0273618501066538,0.05079330333637791,0.24963997949384015
125,3,0.8,0.2,1,0.19548073811025368,0.6387349772276592,5.165784284662087,2.8045192618897463,2.165784284662087,-0.05997577772106444,0.08679320385441766,0.6943456308353413,0.05881822156680604,parity|copy|or,0.26556554380266717,0.6178751040902788,0.00785253886085302,0.06607801050934008,0.19043082011803647,0.6387349772276695
126,3,0.8,0.2,1,0.278072526678109,0.5561431886598038,5.165784284662087,2.721927473321891,2.165784284662087,-0.0613170123646819,0.0,0.0,0.0,copy|and|or,0.06765897173869972,0.15899267748706514,0.02370282363280518,0.025313387553484005,0.03223466113189832,0.5561431886598093
127,3,0.8,0.2,1,0.20871446322299203,0.6255012521149208,5.165784284662087,2.791285536777008,2.165784284662087,-0.07685789873081672,0.0,0.0,0.0,and|or|copy,0.153127043500489,0.5916509530332643,0.006958518335658415,0.08971433188526329,0.01849955322129082,0.625501252114921
128,3,0.8,0.2,1,0.7346323695643155,0.09958334577359729,5.165784284662087,2.2653676304356845,2.165784284662087,-0.15296546417090373,0.043396601927208824,0.3471728154176706,0.0062261982679021,and|and|and,0.02970234321042757,0.08614540763632172,0.0039482819619225396,0.012005057420603468,0.012505432090551591,0.09958334577367568
129,3,0.8,0.2,1,0.2954339020510375,0.5387818132868754,5.165784284662087,2.7045660979489625,2.165784284662087,-0.08370068345179937,0.0,0.0,0.0,majority|and|copy,0.12610865610639493,0.4577643330016077,0.038598689936208075,0.06912372328737336,0.02256959672453146,0.5387818132869222
130,3,0.8,0.2,1,0.3784060294017735,0.45580968593613935,5.165784284662087,2.6215939705982265,2.165784284662087,-0.08174971330939951,0.0,0.0,0.0,and|or|parity,0.2915891154179916,0.39835817732550804,0.0149165568871088,0.034296820313141484,0.06948043288347333,0.4558096859361509
131,3,0.8,0.2,1,0.11354546070873628,0.7206702546291766,5.165784284662087,2.8864545392912637,2.165784284662087,0.015401273379919367,0.0,0.0,0.0,copy|parity|parity,0.4145570560737738,0.5474115724648998,0.11354546070873628,0.011173762726109105,0.27149802768569586,0.7206702546291763
132,3,0.8,0.2,1,0.1326132463161831,0.7016024690217297,5.165784284662087,2.867386753683817,2.165784284662087,0.005934921983512309,0.09763701496243242,0.6943456308353413,0.09716916327020803,parity|parity|or,0.2992632407757404,0.7863507795812947,0.0990125180642627,0.09313619346605638,-0.007950394542963979,0.7016024690217302
133,3,0.8,0.2,1,0.0,0.8342157153379128,5.165784284662087,3.0,2.165784284662087,-4.440892098500626e-16,0.34717281541767053,0.3471728154176706,0.34717281541767064,parity|parity|copy,0.5561438102252761,0.8342157153379124,0.0,0.09269063503754593,0.18245336283713198,0.8342157153379128
134,3,0.8,0.2,1,0.33800217997732496,0.4962135353605879,5.165784284662087,2.661997820022675,2.165784284662087,-0.1136376679175537,0.08679320385441766,0.6943456308353413,0.03194800015384201,majority|parity|and,0.2677165549626908,0.399020133025473,0.006318653067971525,0.03688251696817762,0.21592229377701255,0.49621353536062396
135,4,0.3,0.0,0,2.0,2.0,4.0,2.0,0.0,-2.6438561897747075,0.0,0.0,0.0,or|or|or|or,-1.0,0.0,2.0,0.0,-2.0,2.0
136,4,0.3,0.0,0,2.0,2.0,4.0,2.0,0.0,-1.48449411743535,0.0,0.0,0.0,and|or|and|parity,-0.8112781244591329,2.999999999876084,1.811278124459133,0.4583333333333333,-1.5,2.0
137,4,0.3,0.0,0,3.0,1.0,4.0,1.0,0.0,-1.6438561897746773,0.0,0.0,0.0,and|or|parity|or,-1.0,0.0,3.0,0.0,-1.0,1.0
138,4,0.3,0.0,0,1.0,3.0,4.0,3.0,0.0,-1.3219280948873573,0.0,0.0,0.0,copy|copy|majority|and,0.0,3.9999999998347784,1.0,0.4166666666666667,-1.0,3.0
139,4,0.3,0.0,0,2.0,2.0,4.0,2.0,0.0,-1.1699250014423033,0.0,0.0,0.0,copy|parity|majority|parity,-1.0,2.999999999876084,2.0,0.5833333333333334,-2.0,2.0
140,4,0.3,0.0,0,0.75,3.25,4.0,3.25,0.0,-1.7860529002402075,0.0,0.0,0.0,parity|copy|copy|or,-0.2935644431995963,0.9999999999586942,0.2935644431995965,0.011493781747502494,-0.2935644431995965,3.25
141,4,0.3,0.0,0,0.75,3.25,4.0,3.25,0.0,-1.786052900240207,0.0,0.0,0.0,copy|and|and|parity,-0.29356444319959607,1.9999999999173894,0.2935644431995965,0.1926065103715944,-0.2935644431995963,3.25
142,4,0.3,0.0,0,3.188721875540867,0.8112781244591328,4.0,0.8112781244591328,0.0,-1.4551343142338102,0.0,0.0,0.0,and|majority|majority|majority,-0.8112781244591328,0.0,2.4338343733773984,0.0,-0.8112781244591328,0.8112781244591328
143,4,0.3,0.0,0,3.188721875540867,0.8112781244591328,4.0,0.8112781244591328,0.0,-1.4551343142338102,0.0,0.0,0.0,or|majority|or|copy,-0.8112781244591328,0.0,2.4338343733773984,0.0,-0.8112781244591328,0.8112781244591328
144,4,0.3,0.0,0,1.5943609377704338,2.4056390622295662,4.0,2.4056390622295662,0.0,-2.246941316210484,0.0,0.0,0.0,copy|majority|copy|and,-1.0,0.0,1.1379253809700303,0.0,-1.0,2.4056390622295662
145,4,0.3,0.0,0,1.0,3.0,4.0,3.0,0.0,-2.1699250014423033,0.0,0.0,0.0,parity|parity|and|or,0.0,2.9999999998760836,1.0,0.3333333333333333,-1.0,3.0
146,4,0.3,0.0,0,1.75,2.25,4.0,2.25,0.0,-2.091302253980918,0.0,0.0,0.0,and|parity|and|and,-1.0,0.0,1.2935644431995965,0.0,-1.1556390622295665,2.25
147,4,0.3,0.0,0,2.5943609377704338,1.4056390622295665,4.0,1.4056390622295665,0.0,-2.0494952520042435,0.0,0.0,0.0,majority|and|or|and,-0.5435644431995963,0.0,1.2250542673692226,0.0,-0.5435644431995963,1.4056390622295662
148,4,0.3,0.0,0,2.456435556800404,1.543564443199596,4.0,1.543564443199596,0.0,-2.1874206329742734,0.0,0.0,0.0,copy|or|or|or,-0.5435644431995963,0.0,1.087128886399193,0.0,-0.5435644431995963,1.543564443199596
149,4,0.3,0.0,0,2.7012050593046015,1.2987949406953985,4.0,1.2987949406953985,0.0,-1.9426511304700758,0.0,0.0,0.0,and|or|parity|or,-0.8112781244591328,0.0,1.6786038758815964,0.0,-0.8112781244591328,1.2987949406953985
150,4,0.3,0.05,1,1.0560174662076895,1.798394705328485,5.145587828463825,2.94398253379231,1.145587828463825,-0.027391714402747125,0.0,0.0,0.0,and|copy|or|or,-0.09134272321584902,1.3627930354062316,0.5825903094484515,0.12371264475665894,-0.4069497322830715,1.798394705328683
151,4,0.3,0.05,1,2.4373613172533366,0.41705085428283906,5.145587828463825,1.5626386827466636,1.1455878284638246,-0.25104062442875175,0.09427903923880121,1.5084646278208194,0.0012553242317241253,and|and|parity|parity,0.03684594066570407,0.4215686186269836,0.007571783092287232,0.033760134969356204,-0.00581546730994046,0.4170508542840058
152,4,0.3,0.05,1,0.5470574518127163,2.3073547197234583,5.145587828463825,3.4529425481872833,1.145587828463825,-6.661338147750939e-16,0.0,0.0,0.0,parity|or|or|or,0.1665455910713272,2.854412171536175,0.5470574518127167,0.17840076072101094,-0.3020530914077569,2.3073547197234587
153,4,0.3,0.05,1,1.280708035805778,1.5737041357303965,5.145587828463825,2.7192919641942215,1.145587828463825,0.18048450184920206,0.0,0.0,0.0,majority|copy|or|parity,-0.0891009317170337,0.9021183338256462,0.809123119668024,0.05775989498683792,-0.6369671797027768,1.573704135730587
154,4,0.3,0.05,1,2.0681957215465125,0.7862164499896631,5.145587828463825,1.9318042784534877,1.1455878284638246,-0.33766324106597534,0.0,0.0,0.0,and|majority|or|copy,0.04083122222998292,0.31756755358777977,0.01615893960495729,0.0259132580521579,-0.003946020387262661,0.7862164499909027
155,4,0.3,0.05,1,0.5470574518127163,2.3073547197234583,5.145587828463825,3.4529425481872833,1.145587828463825,-8.881784197001252e-16,0.0,0.0,0.0,or|or|or|or,-0.2611231211937879,1.7131404163870159,0.5470574518127167,0.14276170136558472,-0.48853961183174155,2.3073547197234587
156,4,0.3,0.05,1,0.0,2.8544121715361745,5.145587828463825,3.9999999999999996,1.145587828463825,-4.440892098500626e-16,0.0,0.0,0.0,majority|majority|and|parity,4.440892098500626e-16,2.1408091286521316,4.440892098500626e-16,0.17840076072101096,-4.440892098500626e-16,2.8544121715361754
157,4,0.3,0.05,1,0.36083435398965436,2.4935778175465204,5.145587828463825,3.6391656460103454,1.1455878284638248,-0.04707892072053066,0.0,0.0,0.0,copy|or|copy|or,-0.006251697214811669,0.08673573063212525,0.09298742784696978,0.0072279775526770985,-0.07192806667628227,2.4935778175467274
158,4,0.3,0.05,1,1.3113877168838521,1.5430244546523224,5.145587828463825,2.6886122831161474,1.145587828463825,-0.2942336755631815,0.0,0.0,0.0,or|or|majority|majority,0.09872862423878503,1.542090872306327,0.029504188961043454,0.1246127985745868,-0.014281429305976867,1.543024454652321
159,4,0.3,0.05,1,0.0,2.8544121715361745,5.145587828463825,3.9999999999999996,1.145587828463825,-4.440892098500626e-16,0.0,0.0,0.0,copy|and|or|or,4.440892098500626e-16,2.1408091286521316,4.440892098500626e-16,0.17840076072101096,-4.440892098500626e-16,2.8544121715361754
160,4,0.3,0.05,1,1.9223186647060293,0.9320935068301457,5.145587828463825,2.0776813352939705,1.1455878284638248,-0.36287090155608137,0.37711615695520484,1.5084646278208194,0.023893108030387723,majority|copy|and|copy,0.33245172594026995,0.9239796602517021,0.015249527711876265,0.07792636123202733,-0.011566061744745615,0.932093506831317
161,4,0.3,0.05,1,1.094114903625433,1.7602972679107416,5.145587828463825,2.9058850963745666,1.145587828463825,-4.440892098500626e-16,0.0,0.0,0.0,and|parity|and|and,-0.5222462423875763,2.8544121715361745,1.0941149036254334,0.38042391838305284,-0.977079223663484,1.7602972679107416
162,4,0.3,0.05,1,1.8298591050632038,1.0245530664729716,5.1455878284638255,2.1701408949367966,1.145587828463825,-0.28716465676390435,0.0,0.0,0.0,majority|or|or|majority,-0.2615707702193836,0.42853066448363997,0.5647462922357036,0.034317900992493634,-0.49360136610472305,1.0245530664737632
163,4,0.3,0.05,1,0.5470574518127163,2.3073547197234583,5.145587828463825,3.4529425481872833,1.145587828463825,-9.992007221626409e-16,0.0,0.0,0.0,majority|copy|and|or,-0.26112312119378805,1.7131404163870159,0.5470574518127167,0.14276170136558472,-0.48853961183174205,2.3073547197234587
164,4,0.3,0.05,1,0.8733500455727297,1.9810621259634453,5.145587828463825,3.12664995442727,1.1455878284638248,-0.07252034904810356,0.0,0.0,0.0,or|or|or|or,-0.0568287507868539,0.3861085631839758,0.3915415800625497,0.03844738889556899,-0.30447149336393153,1.9810621259637207
165,4,0.3,0.2,1,0.1510795153815616,0.9612081050689891,6.887712379549449,3.8489204846184384,2.8877123795494493,1.9984014443252818e-15,0.0,0.0,0.0,and|or|or|copy,0.15220643701772096,1.0070129991567751,0.04580489408778998,0.08009426491539061,0.0,0.9612081050689865
166,4,0.3,0.2,1,0.23978533906740473,0.8725022813831442,6.887712379549449,3.7602146609325944,2.88771237954945,-0.02958798177590949,0.0,0.0,0.0,copy|copy|parity|majority,0.05821019766311154,0.6015974661032413,0.1390769402085592,0.054369313756498144,-0.07555595219213251,0.8725022813831519
167,4,0.3,0.2,1,0.09561854227550759,1.016669078175045,6.887712379549449,3.9043814577244933,2.8877123795494484,2.220446049250313e-15,0.0,0.0,0.0,or|copy|or|majority,0.1824533628371312,1.1122876204505512,0.0956185422755067,0.09551746023794377,-0.03392190240477494,1.0166690781750445
168,4,0.3,0.2,1,0.18303649437981528,0.9292511260707363,6.887712379549449,3.816963505620185,2.887712379549449,0.012299347649283199,0.0,0.0,0.0,parity|majority|or|copy,0.2645523481903078,0.7334427559734285,0.1171045497553056,0.06005425521156541,-0.01560399447561367,0.9292511260707361
169,4,0.3,0.2,1,0.14580818241766869,0.9664794380328829,6.887712379549449,3.8541918175823318,2.887712379549449,-0.05608759350098791,0.0,0.0,0.0,parity|majority|or|majority,0.0696980089372915,0.9138806100717227,0.00996688579652183,0.07645498379032081,-0.004313392297750629,0.9664794380328877
170,4,0.3,0.2,1,0.34850485398273934,0.7637827664678105,6.887712379549449,3.65149514601726,2.8877123795494497,-0.054211051130519494,0.034717281541767064,0.555476504668273,0.011624464864486782,copy|or|and|or,0.28867193207689157,0.7589659565757536,0.006290484122950524,0.06227098505710809,-0.002345001255411483,0.7637827664678449
171,4,0.3,0.2,1,0.21243773618172357,0.8998498842688254,6.887712379549449,3.7875622638182755,2.88771237954945,-0.03900866622836063,0.0,0.0,0.0,majority|copy|and|parity,2.7755575615628914e-16,0.32789167987079093,0.11172933732287404,0.027324306655899282,-0.05036075937776591,0.8998498842688345
172,4,0.3,0.2,1,0.0956185422755067,1.016669078175044,6.887712379549449,3.9043814577244933,2.8877123795494493,6.661338147750939e-16,0.0,0.0,0.0,majority|copy|copy|majority,0.18245336283713165,1.1122876204505507,0.0956185422755067,0.09551746023794377,-0.033921902404774995,1.0166690781750445
173,4,0.3,0.2,1,0.42146426359122113,0.6908233568593296,6.887712379549449,3.578535736408779,2.8877123795494493,0.2091174713067201,0.0,0.0,0.0,copy|parity|copy|or,0.06305820277528507,0.732450008123589,0.42146426359122113,0.06925692916346157,-0.13381264042532143,0.6908233568593294
174,4,0.3,0.2,1,0.24889103818463632,0.8633965822659144,6.887712379549449,3.7511089618153637,2.8877123795494493,0.03704363653891152,0.0,0.0,0.0,and|and|majority|or,0.24696047053748882,0.6942759946573078,0.15483157382438195,0.05829993498634056,-0.0655541984571677,0.8633965822659151
175,4,0.3,0.2,1,0.2931937514304246,0.8190938690201253,6.887712379549449,3.706806248569575,2.8877123795494497,-0.0671552754949799,0.034717281541767064,0.555476504668273,0.01746738196729278,or|or|parity|and,0.18490696666160022,0.7721486803057989,0.018332981586456132,0.04141890662275048,0.07346891708581715,0.8190938690201173
176,4,0.3,0.2,1,0.09561854227550803,1.0166690781750445,6.887712379549449,3.904381457724493,2.8877123795494484,1.9984014443252818e-15,0.0,0.0,0.0,parity|copy|or|parity,-1.1102230246251565e-16,0.24415000270786313,0.09561854227550715,0.020345833558988596,-0.05036075937776649,1.0166690781750447
177,4,0.3,0.2,1,0.2973467880581908,0.8149408323923608,6.887712379549449,3.7026532119418096,2.887712379549449,-0.05761965744216491,0.0,0.0,0.0,and|copy|or|majority,1.1102230246251565e-16,0.25045380514018944,0.007147364141343537,0.01993894482434898,-5.551115123125783e-17,0.8149408323923866
178,4,0.3,0.2,1,0.19123708455101252,0.9210505358995382,6.887712379549449,3.8087629154489875,2.8877123795494493,2.220446049250313e-16,0.0,0.0,0.0,copy|copy|or|or,3.3306690738754696e-16,0.48830000541572716,0.19123708455101252,0.04069166711797719,-0.10072151875553204,0.9210505358995386
179,4,0.3,0.2,1,0.24832586665365364,0.8639617537968971,6.887712379549449,3.7516741333463464,2.8877123795494493,-0.06846839225966006,0.13886912616706826,0.555476504668273,0.07412687828937516,and|or|copy|and,0.3324311549857488,0.8256897543512753,0.0188128309391824,0.06935806696017931,-0.010593781620058751,0.8639617537969382
180,4,0.5,0.0,0,2.8783592378131417,1.1216407621868583,4.0,1.1216407621868583,0.0,-1.7654969519615356,0.0,0.0,0.0,and|or|majority|or,-0.8112781244591328,0.0,1.6494836778075541,0.0,-0.8112781244591328,1.1216407621868583
181,4,0.5,0.0,1,4.0,-0.0,4.0,-0.0,0.0,-3.417852514885732,1.0,1.0,1.0,parity|or|parity|copy,0.0,0.0,1.652232010585627e-10,0.0,0.0,0.0
182,4,0.5,0.0,0,1.188721875540867,2.811278124459133,4.0,2.811278124459133,0.0,-1.9812031259014362,0.0,0.0,0.0,copy|parity|majority|majority,-1.0,0.0,1.188721875540867,0.0,-1.0,2.811278124459133
183,4,0.5,0.0,0,3.662709933382986,0.3372900666170139,4.0,0.3372900666170139,0.0,-0.9811462563916913,0.2,2.0,0.125,majority|parity|and|and,-0.3372900666170139,0.0,1.0118701998510415,0.0,-0.3372900666170139,0.3372900666170139
184,4,0.5,0.0,0,1.7971804688852169,2.202819531114783,4.0,2.202819531114783,0.0,-2.044121785095701,0.0,0.0,0.0,copy|or|parity|parity,-1.0,0.9999999999586946,1.1344705355022309,0.1724135575404179,-1.068962690485015,2.202819531114783
185,4,0.5,0.0,0,2.0,2.0,4.0,2.0,0.0,-2.6438561897746773,0.0,0.0,0.0,copy|parity|parity|majority,-1.0,0.9999999999586943,2.0,0.25,-1.0,2.0
186,4,0.5,0.0,0,3.4564355568004035,0.5435644431995964,4.0,0.5435644431995964,0.0,-1.1874206329742738,0.0,0.0,0.0,copy|copy|or|or,-0.5435644431995963,0.0,1.630693329598789,0.0,-0.5435644431995963,0.5435644431995963
187,4,0.5,0.0,0,1.8443609377704338,2.1556390622295662,4.0,2.1556390622295662,0.0,-1.7023770554798474,0.0,0.0,0.0,and|majority|or|and,-0.9544340029249649,1.734287872533291,1.5189410710044617,0.235451655563831,-0.9669171866886992,2.1556390622295662
188,4,0.5,0.0,0,3.188721875540867,0.8112781244591328,4.0,0.8112781244591328,0.0,-3.040096814954958,0.0,0.0,0.0,parity|majority|parity|and,-0.8112781244591328,0.0,0.8112781245417445,0.0,-0.8112781244591328,0.8112781244591328
189,4,0.5,0.0,0,2.0943609377704338,1.9056390622295665,4.0,1.9056390622295665,0.0,-1.849496369297553,0.0,0.0,0.0,and|majority|copy|copy,-0.4188212310720749,2.0749738689226818,0.9927679486287591,0.2714575703921782,-0.8244602933016412,1.9056390622295665
190,4,0.5,0.0,0,3.662709933382986,0.3372900666170139,4.0,0.3372900666170139,0.0,-0.9811462563916913,0.16666666666666666,1.0,0.0625,and|and|copy|and,-0.3372900666170139,0.0,1.0118701998510415,0.0,-0.3372900666170139,0.3372900666170139
191,4,0.5,0.0,0,1.7193609377704338,2.2806390622295662,4.0,2.2806390622295662,0.0,-1.4505640636718695,0.0,0.0,0.0,copy|and|and|or,-0.22097540958061557,2.5849394142282115e-26,0.41149357204617676,0.0,-0.39903179123992916,2.2806390622295662
192,4,0.5,0.0,0,2.0,2.0,4.0,2.0,0.0,-1.1699250014423033,0.0,0.0,0.0,majority|parity|parity|and,-2.0,3.9999999998347784,2.0,0.6666666666666666,-2.0,2.0
193,4,0.5,0.0,0,2.188721875540867,1.811278124459133,4.0,1.811278124459133,0.0,-1.6525803784400508,0.0,0.0,0.0,or|or|majority|and,-1.0,2.5849394142282115e-26,1.27585076194006,0.0,-1.0,1.8112781244591327
194,4,0.5,0.0,0,1.7971804688852169,2.202819531114783,4.0,2.202819531114783,0.0,-1.461479279731936,0.10375937481971094,0.41503749927884376,0.025939843704927735,or|majority|parity|or,-0.337290066617014,1.9770351862653597,0.4491594186962393,0.1651128159443058,-0.34074491208481317,2.202819531114783
195,4,0.5,0.05,1,2.240942020702735,0.6134701508334386,5.145587828463825,1.7590579792972638,1.1455878284638252,-0.25230932783999227,0.0471395196194006,0.7542323139104096,0.0023127288047581586,or|or|and|or,0.11249264086543509,0.8013617151146326,0.1978806407215079,0.06824234293605526,-0.010537911121776128,0.6134701508344237
196,4,0.5,0.05,1,1.4309353686827282,1.4234768028534464,5.145587828463825,2.5690646313172714,1.145587828463825,0.169129819341316,0.0,0.0,0.0,copy|copy|majority|copy,-0.3600323244668091,0.9816068746622468,1.4309353686827286,0.1184494179938196,-0.6873281026842464,1.4234768028534464
197,4,0.5,0.05,1,1.854444365442271,0.9999678060939035,5.145587828463825,2.1455556345577285,1.145587828463825,-0.4208173641026316,0.0471395196194006,0.7542323139104096,0.0006082783182419221,parity|and|and|majority,0.2969169056800498,0.6618734730150739,0.006940956198109305,0.04556193102334563,0.0018343511321714523,0.9999678060950391
198,4,0.5,0.05,1,0.5078012998889863,2.3466108716471883,5.145587828463825,3.4921987001110133,1.145587828463825,0.10238114583320646,1.1468564247016706,1.8260785041549514,1.2696126697205976,parity|parity|parity|majority,1.0946573615038995,2.567538215904687,0.3044336100625715,0.13932787706897365,-0.01613674236274265,2.3466108716474583
199,4,0.5,0.05,1,1.1715063743431189,1.682905797193056,5.145587828463825,2.828493625656881,1.1455878284638248,-0.31283642593288286,0.0,0.0,0.0,majority|and|majority|parity,0.08091084679904337,0.8636954237350494,0.059759843329611595,0.052869685183552596,0.012080864145521897,1.6829057971934667
200,4,0.5,0.05,1,1.6763562567865262,1.1780559147496488,5.145587828463825,2.3236437432134736,1.1455878284638248,-0.19636866943018272,0.0,0.0,0.0,and|and|parity|parity,-0.15534283350948253,0.5822514747119145,0.5471778020500779,0.02447714803156226,-0.4524179390733628,1.1780559147496483
201,4,0.5,0.05,1,1.094114903625433,1.7602972679107416,5.145587828463825,2.9058850963745666,1.145587828463825,-4.440892098500626e-16,0.0,0.0,0.0,parity|majority|parity|copy,-0.5222462423875762,2.8544121715361745,1.0941149036254334,0.3804239183830529,-0.9770792236634839,1.7602972679107416
202,4,0.5,0.05,1,1.5399125750279867,1.3144995965081887,5.1455878284638255,2.4600874249720137,1.145587828463825,-0.2697820376467648,0.039701734541766544,0.6352277526682647,0.002869758580467257,majority|and|copy|or,0.047062812813965516,1.2660297439923747,0.3522408482817161,0.11721642485631324,-0.2408701852785966,1.3144995965103885
203,4,0.5,0.05,1,-4.440892098500626e-16,2.854412171536175,5.145587828463825,4.0,1.145587828463825,-8.881784197001252e-16,1.5084646278208194,1.5084646278208194,1.5084646278208194,parity|parity|copy|parity,1.5937516768394149,2.8544121715361745,0.0,0.11893384048067397,0.0,2.8544121715361754
204,4,0.5,0.05,1,0.5586598289967655,2.295752342539409,5.145587828463825,3.441340171003234,1.145587828463825,-0.0024019322311983338,0.0,0.0,0.0,or|parity|majority|parity,0.014812689884924124,1.95355760086001,0.4072080072913815,0.1650345913381179,-0.2988317336752706,2.2957523425394086
205,4,0.5,0.05,1,2.122767347063381,0.7316448244727931,5.145587828463825,1.8772326529366183,1.1455878284638252,-0.39552231816850236,0.0,0.0,0.0,copy|or|majority|and,0.08096847635263082,0.6838465371280367,0.08126811448892779,0.05826583788004636,-0.02294375473611615,0.731644824474038
206,4,0.5,0.05,1,1.2889502199724983,1.5654619515636763,5.145587828463825,2.7110497800275013,1.145587828463825,0.15801663178483905,0.0,0.0,0.0,parity|majority|copy|copy,0.0071176329980287,1.5426342277648795,1.2889502199724872,0.13995835989522654,-0.4342329512405523,1.5654619515636767
207,4,0.5,0.05,1,-4.440892098500626e-16,2.854412171536175,5.145587828463825,4.0,1.145587828463825,-4.440892098500626e-16,0.0,0.0,0.0,parity|or|or|parity,0.0,2.1408091286521316,0.0,0.17840076072101088,-8.881784197001252e-16,2.8544121715361754
208,4,0.5,0.05,1,0.9917405126403454,1.8626716588958292,5.145587828463825,3.008259487359654,1.145587828463825,-2.220446049250313e-16,0.0,0.0,0.0,or|copy|parity|and,-0.4760364836693818,2.8491324971917917,0.9864608382959625,0.3659568295426244,-0.8933840456136803,1.8626716588958294
209,4,0.5,0.05,1,0.9492927515012384,1.9051194200349362,5.145587828463825,3.050707248498761,1.145587828463825,-0.4408350702176508,0.1885580784776024,0.7542323139104096,0.03428328699606098,parity|parity|majority|or,0.2699806173330327,2.2056821325508125,0.38878973842266396,0.13350815072793668,-0.133121133468743,1.9051194200354917
210,4,0.5,0.2,1,0.027975059371187605,1.0843125610793614,6.887712379549449,3.9720249406288115,2.88771237954945,-0.0042364382571795645,0.06943456308353413,0.5554765046682731,0.06307693657729038,majority|copy|majority|parity,0.7056657650991248,1.1111148320714381,0.027975059371187605,0.06362867597948851,0.050780108401998536,1.0843125610793618
211,4,0.5,0.2,1,0.4040481684585462,0.7082394519920037,6.887712379549449,3.5959518315414534,2.8877123795494497,-0.0957870838964896,0.0,0.0,0.0,majority|and|and|or,0.13333855240200837,0.5222312567439023,0.013355769824351604,0.038197274391191555,-0.005483307267222293,0.70823945199202
212,4,0.5,0.2,1,0.13546267221428598,0.9768249482362639,6.887712379549449,3.8645373277857136,2.8877123795494497,0.0017070397058559506,0.0,0.0,0.0,parity|copy|copy|and,0.241594073448533,1.0341041739763632,0.06972304434682819,0.06308484934534701,-0.004423900039015272,0.9768249482362699
213,4,0.5,0.2,1,0.40606856386460644,0.7062190565859452,6.887712379549449,3.593931436135394,2.887712379549449,-0.053563392913331453,0.04498127324065621,0.2777382523341365,0.026472056013027954,parity|or|majority|or,0.40063124960349333,0.7341138867803108,0.02977440722343294,0.052965320009606694,-0.0048874933160177325,0.7062190565859754
214,4,0.5,0.2,1,0.21237619255661144,0.8999114278939393,6.887712379549449,3.7876238074433886,2.8877123795494493,-0.05737862051689513,0.0,0.0,0.0,majority|and|parity|and,0.04801262819721306,0.8871525381223204,0.004924194587197395,0.04949886195604417,-0.001098409068784445,0.8999114278939404
215,4,0.5,0.2,1,0.44011972648632103,0.6721678939642297,6.887712379549449,3.559880273513679,2.8877123795494493,-0.07510278668788462,0.0,0.0,0.0,and|majority|or|and,0.015854184285840733,0.3129909768781993,0.00622182808256877,0.024103865632965255,0.008490495389365416,0.6721678939642285
216,4,0.5,0.2,1,0.39082135157371756,0.7214662688768332,6.887712379549449,3.6091786484262824,2.8877123795494493,-0.03611829039225678,0.0,0.0,0.0,majority|and|or|or,0.20516266718937654,0.7957837119624549,0.15725527318302346,0.067736163262985,-0.024870243502714773,0.7214662688768769
217,4,0.5,0.2,1,0.3674189578067324,0.7448686626438183,6.887712379549449,3.6325810421932676,2.8877123795494493,-0.08249239032745048,3.1366455834142214e-17,1.3121234959625905e-16,2.795638672115218e-17,parity|copy|majority|or,0.11717766272485552,0.6680627702810829,0.010601877815147986,0.05137340942967906,-0.004207738885225271,0.7448686626438297
218,4,0.5,0.2,1,0.2049589591604457,0.907328661290105,6.887712379549449,3.7950410408395543,2.8877123795494493,0.001002406038767334,0.06743301482716615,0.21169074110833572,0.1042315384065583,copy|or|parity|parity,0.5263281235100252,1.0339499606387221,0.13428774327120285,0.06199094045746898,0.14529244345539544,0.9073286612901055
219,4,0.5,0.2,1,0.1527890235476912,0.9594985969028604,6.887712379549449,3.8472109764523093,2.887712379549449,-0.030713267927452215,0.0,0.0,0.0,majority|parity|copy|copy,0.0,0.652646665515304,0.007966127955332247,0.04972212140823822,1.1102230246251565e-16,0.9594985969028649
220,4,0.5,0.2,1,0.21974687866648956,0.8925407417840612,6.887712379549449,3.7802531213335104,2.8877123795494493,-0.059811903787727494,0.0,0.0,0.0,parity|or|parity|parity,0.4280340299691419,0.8616478215051195,0.0979903153867121,0.03517765666022122,0.1552490849260059,0.8925407417840601
221,4,0.5,0.2,1,0.39225394547281534,0.7200336749777363,6.887712379549449,3.607746054527185,2.887712379549449,-0.06986453213327726,0.0,0.0,0.0,or|or|parity|parity,0.024620252681018084,0.6603821662371887,0.01462893056735437,0.03524932890816545,0.011398096460334628,0.7200336749777492
222,4,0.5,0.2,1,0.29907238478453646,0.8132152356660143,6.887712379549449,3.7009276152154635,2.8877123795494493,-0.038357645112806926,0.034717281541767064,0.555476504668273,0.017579727807057185,parity|majority|copy|copy,0.2617581966877365,0.8886256517729403,0.07563378096731466,0.07180292377810131,-0.030212137815486595,0.8132152356660381
223,4,0.5,0.2,1,0.24696447127861854,0.8653231491719322,6.887712379549449,3.7530355287213815,2.8877123795494493,-0.08644120341558459,0.0,0.0,0.0,parity|copy|or|and,0.052916640872541054,0.6916336302107671,0.009407221158808099,0.05676354939212894,0.014896499736299917,0.8653231491719191
224,4,0.5,0.2,1,0.11419689365163066,0.9980907267989201,6.887712379549449,3.8858031063483693,2.8877123795494493,0.0,0.20421930318686507,0.40843860637373014,0.2777382523341365,parity|parity|parity|parity,0.6223380619011007,1.1019582222140554,0.10546465589125598,0.026330386537025612,0.24323472958962256,0.9980907267989201
225,4,0.8,0.0,0,2.0788203080525025,1.9211796919474975,4.0,1.9211796919474975,0.0,-1.0911046933898008,0.0,0.0,0.0,and|copy|majority|or,-0.5768187541770637,0.0,0.7078344442114952,0.0,-0.5981587785705664,1.9211796919474975
226,4,0.8,0.0,0,1.7971804688852169,2.202819531114783,4.0,2.202819531114783,0.0,-1.4494193386813539,0.2,1.0,0.0625,parity|or|copy|parity,0.0,2.988517593050069,1.123169943790728,0.31010298263936653,-1.0461796919474975,2.202819531114783
227,4,0.8,0.0,0,2.985902344426084,1.014097655573916,4.0,1.014097655573916,0.0,-1.6579538453485934,0.0,0.0,0.0,majority|copy|copy|and,-0.8112781244591328,0.0,1.7570267844204963,0.0,-0.8112781244591328,1.014097655573916
228,4,0.8,0.0,0,3.662709933382986,0.3372900666170139,4.0,0.3372900666170139,0.0,-2.566108757112839,0.0,0.0,0.0,parity|or|and|or,-0.3372900666170139,2.5849394142282115e-26,0.6745801332753335,0.0,-0.3372900666170139,0.3372900666170139
229,4,0.8,0.0,0,2.728217778400202,1.271782221599798,4.0,1.271782221599798,0.0,-1.9156384113744753,0.4,2.0,0.125,or|or|copy|parity,-0.3372900666170139,0.0,0.7287873865397412,0.0,-0.3372900666170138,1.271782221599798
230,4,0.8,0.0,0,1.6477829985375174,2.3522170014624826,4.0,2.3522170014624826,0.0,-1.5307453971773395,0.0,0.0,0.0,copy|and|parity|majority,-0.7971804688852169,0.951205059263296,0.9282064763679938,0.11069903569121271,-0.8497732503807482,2.3522170014624826
231,4,0.8,0.0,0,2.1949634674227343,1.8050365325772657,4.0,1.8050365325772657,0.0,-1.4228855321234182,0.23623294481253176,1.0,0.16584605743784775,parity|or|copy|parity,-0.204434002924965,2.713421137626177,1.9885691140957191,0.3106446079145051,-1.0219537192659651,1.8050365325772657
232,4,0.8,0.0,0,1.350602529652301,2.649397470347699,4.0,2.649397470347699,0.0,-1.37107706825647,0.2155870467654375,1.0,0.10836285634259765,parity|or|parity|and,0.0,2.8022947900257478,0.09711299768768678,0.18748063729477424,-0.09624251490143965,2.6493974703476995
233,4,0.8,0.0,0,0.875,3.125,4.0,3.125,0.0,-1.661052900240207,0.1111111111111111,1.0,0.0625,parity|parity|or|copy,-0.04010959773179712,2.988517593050069,0.20098947490551122,0.16630277183500816,-0.16510959773179712,3.125
234,4,0.8,0.0,0,2.985902344426084,1.014097655573916,4.0,1.014097655573916,0.0,-1.6579538453485934,0.0,0.0,0.0,majority|copy|copy|and,-0.8112781244591328,0.0,1.7570267844204963,0.0,-0.8112781244591328,1.014097655573916
235,4,0.8,0.0,0,3.662709933382986,0.3372900666170139,4.0,0.3372900666170139,0.0,-0.9811462563916913,0.04611527769764931,0.41503749927884376,0.025939843704927735,or|copy|majority|majority,-0.3372900666170139,2.5849394142282115e-26,1.0118701998510415,0.0,-0.3372900666170139,0.3372900666170139
236,4,0.8,0.0,0,1.8733855281898184,2.1266144718101816,4.0,2.1266144718101816,0.0,-1.4905513558713754,0.024080634742799478,0.09632253897119791,0.012040317371399739,parity|parity|or|and,-0.5435644431995963,2.6919508190373147,1.3258179772393448,0.3096454093404011,-1.1022170014624821,2.126614471810182
237,4,0.8,0.0,0,3.1316072709896376,0.8683927290103626,4.0,0.8683927290103626,0.0,-1.5122489187850396,0.0,0.0,0.0,or|and|and|and,-0.3372900666170139,0.0,0.6870419140402755,0.0,-0.3372900666170139,0.8683927290103627
238,4,0.8,0.0,0,3.662709933382986,0.3372900666170139,4.0,0.3372900666170139,0.0,-0.9811462563916913,0.05187968740985547,0.41503749927884376,0.025939843704927735,and|majority|copy|copy,-0.3372900666170139,0.0,1.0118701998510415,0.0,-0.3372900666170139,0.3372900666170139
239,4,0.8,0.0,0,1.5943609377704338,2.4056390622295662,4.0,2.4056390622295662,0.0,-1.5758586647932316,0.0,0.0,0.0,and|parity|parity|or,0.06834899561255237,1.532082036290971,0.25764047929295897,0.1298268734054413,-0.24014238243251262,2.4056390622295662
240,4,0.8,0.05,1,2.3760316455435513,0.4783805259926235,5.145587828463825,1.6239683544564483,1.1455878284638248,-0.47571400515920104,2.450078321773697e-18,3.9201253148379154e-17,1.5312124493553283e-18,majority|and|copy|copy,0.014194184103036411,0.5631191039299257,0.26021637546895393,0.05519302408755398,-0.09944852544489091,0.4783805259941528
241,4,0.8,0.05,1,1.3089425740903564,1.5454695974458186,5.145587828463825,2.6910574259096434,1.1455878284638248,-0.11315692917905795,0.09427903923880118,1.508464627820819,0.0856629429457071,parity|copy|copy|majority,0.13491785996153505,1.9358272493236317,0.6963802392296965,0.19930539026340574,-0.33049058943141096,1.5454695974458055
242,4,0.8,0.05,1,0.9180779207932459,1.9363342507429295,5.1455878284638255,3.0819220792067545,1.145587828463825,-0.10457356073260748,0.0,0.0,0.0,and|copy|parity|or,0.06057758736935748,1.0539358984245915,0.4390838120142342,0.06480793091105601,-0.3071053290829169,1.9363342507429775
243,4,0.8,0.05,1,2.5942820669101527,0.2601301046260227,5.145587828463825,1.4057179330898473,1.1455878284638246,-0.18485381184726468,0.04713951961940061,0.7542323139104096,0.0005097580903463116,and|copy|and|copy,0.011086444364289127,0.3501239620264258,0.09169975207288261,0.02938006873921199,-0.0005663136603142969,0.2601301046272745
244,4,0.8,0.05,1,2.781847443506698,0.072564728029477,5.145587828463825,1.2181525564933018,1.1455878284638248,-0.414550906856213,1.7040536994108355e-17,2.2239172459176634e-16,2.6445814176243227e-18,and|majority|majority|majority,0.04092158744168569,0.06948680833815835,0.00453320789876388,0.004711706009122645,0.01155217164989239,0.07256472803189346
245,4,0.8,0.05,1,2.217455109744198,0.6369570617919775,5.1455878284638255,1.7825448902558025,1.145587828463825,-0.3603936578967297,0.0,0.0,0.0,majority|or|copy|copy,0.01582596167878965,0.6953421477643851,0.392672904632684,0.06820878513974694,-0.15728922440646126,0.6369570617936741
246,4,0.8,0.05,1,2.840806342564755,0.013605828971420264,5.145587828463825,1.159193657435245,1.1455878284638248,-0.23851224572315788,0.0471395196194006,0.7542323139104096,5.0023225835748294e-05,and|and|majority|and,0.0018053795864705418,0.013724986079337809,0.00020121346085888447,0.0003447985387543984,0.0011776075135915328,0.013605828973156184
247,4,0.8,0.05,1,2.061645927960922,0.7927662435752527,5.145587828463825,1.9383540720390777,1.145587828463825,-0.3725660891300886,2.255164449157599e-17,2.701291171584276e-16,1.164545419649935e-18,and|or|parity|copy,0.3429345978364188,0.7367748694360203,0.06470819321961052,0.04310274954820583,-0.0090743453720733,0.7927662435759741
248,4,0.8,0.05,1,0.8564377646317651,1.9979744069044094,5.145587828463825,3.1435622353682344,1.145587828463825,-0.28676628971896,0.05955260181264981,0.6352277526682647,0.024202101881197993,parity|or|and|parity,0.4081672536470593,2.0649835773755263,0.2550356709130299,0.11047642046708761,-0.032291574548517055,1.9979744069043983
249,4,0.8,0.05,1,2.793718599218548,0.060693572317627176,5.1455878284638255,1.2062814007814524,1.1455878284638252,-0.31761899494617607,0.009256778160091544,0.1481084505614631,6.922031396811911e-06,or|or|majority|or,0.04153159297355969,0.052661443880967385,6.891722213775431e-05,0.0027082922660708717,0.018096144736220048,0.060693572319443036
250,4,0.8,0.05,1,2.579510186954823,0.2749019845813523,5.145587828463825,1.4204898130451769,1.1455878284638246,-0.27066979148727954,0.01985086727088327,0.3176138763341323,7.330163045219979e-05,majority|copy|and|and,0.05578088324835823,0.2762921838606871,0.0014692287443438534,0.019993213102793644,0.0032801950697977506,0.27490198458293824
251,4,0.8,0.05,1,1.6452340521882485,1.2091781193479265,5.1455878284638255,2.3547659478117517,1.1455878284638252,-0.20613926651626113,0.12687403649904286,2.0299845839846857,0.2058731541765495,or|parity|parity|parity,0.25645664509512967,1.5661916395580482,1.2214725094477257,0.0800401464413727,-0.08757374196140832,1.2091781193476987
252,4,0.8,0.05,1,2.049660892786356,0.804751278749819,5.1455878284638255,1.9503391072136442,1.1455878284638252,-0.44625934223055097,0.0471395196194006,0.7542323139104096,0.00031263401226646877,or|parity|or|or,0.006971295348442235,0.44829074400142477,0.006255104018450197,0.028649791995421798,0.004116704090962001,0.8047512787511927
253,4,0.8,0.05,1,1.8392036703466819,1.0152085011894931,5.145587828463825,2.160796329653318,1.1455878284638248,-0.48927828451007405,0.009256778160091444,0.1481084505614631,0.00017468396092737196,majority|parity|and|copy,0.1776065980913868,0.7303048696388432,0.03815797309148472,0.044117669276437725,0.05106626622593613,1.0152085011904144
254,4,0.8,0.05,1,1.8392036703466819,1.0152085011894931,5.145587828463825,2.160796329653318,1.1455878284638248,-0.4892782845100738,0.009256778160091444,0.1481084505614631,0.00017468396092737196,parity|parity|and|majority,0.17760659809138635,0.7303048696388434,0.03815797309148472,0.0441176692764377,0.051066266225936074,1.0152085011904144
255,4,0.8,0.2,1,0.6090892819936271,0.5031983384569245,6.887712379549449,3.3909107180063733,2.887712379549449,-0.18892007128870514,0.007668743215588052,0.12269989144940883,0.0017718536995540415,copy|majority|and|and,0.18974644204876165,0.4738817713293768,0.019372043221837387,0.03285615095668123,0.031253864406943,0.5031983384569709
256,4,0.8,0.2,1,0.3472928875836079,0.7649947328669429,6.887712379549449,3.652707112416392,2.8877123795494493,-0.07350826600070903,0.0,0.0,0.0,parity|or|and|and,0.37858185322771126,0.510807583210505,0.011336726743263803,0.020125397099870757,0.2407352759095176,0.7649947328669653
257,4,0.8,0.2,1,0.42253555073689597,0.6897520697136548,6.887712379549449,3.577464449263104,2.8877123795494493,-0.060680315649805916,4.868211958197037e-17,1.3121234959625905e-16,6.55101562131958e-17,or|parity|majority|copy,0.159762581886606,0.702411857837066,0.027866536914387563,0.05429492898192543,-0.0012725192952784958,0.6897520697137054
258,4,0.8,0.2,1,0.692300548624524,0.419987071826025,6.887712379549449,3.307699451375475,2.88771237954945,-0.1513566235818583,0.050054767972943164,0.6781763961176818,0.009588811241413269,majority|parity|and|and,0.12439996862990493,0.4128584968193114,0.009702726428370667,0.016510538223493607,0.03329680040513272,0.4199870718260327
259,4,0.8,0.2,1,0.4501858766341158,0.6621017438164349,6.887712379549449,3.549814123365884,2.8877123795494493,-0.07262384445720449,0.0,0.0,0.0,or|and|copy|copy,0.10443075448076711,0.7094136384977618,0.07873135804800446,0.05552398956028293,0.01132254695390944,0.6621017438164395
260,4,0.8,0.2,1,0.68435459771848,0.4279330227320708,6.887712379549449,3.31564540228152,2.8877123795494493,-0.13278469124791714,7.032230384947002e-18,4.2359358728131134e-17,5.3833352577354736e-18,and|copy|and|majority,0.07663041960822431,0.13276300750881243,0.010664713413837124,0.0075595784627679645,0.024075476028258727,0.4279330227321231
261,4,0.8,0.2,1,0.2763311561760191,0.8359564642745307,6.887712379549449,3.7236688438239804,2.8877123795494497,-0.03859766018411481,0.017358640770883532,0.2777382523341365,0.008282025974253551,copy|parity|parity|or,0.4375408655958488,0.7686720687135344,0.0325300997235729,0.06375881804955107,0.0004992331319275678,0.8359564642745382
262,4,0.8,0.2,1,0.6858573636821457,0.42643025676840507,6.887712379549449,3.3141426363178543,2.8877123795494493,-0.09958191315980625,3.2803087399064763e-17,1.3121234959625905e-16,3.6461696474870546e-17,copy|or|or|and,0.06129998314406421,0.117302179755852,0.007262171816232232,0.006654928707236979,0.030273911149412053,0.4264302567684268
263,4,0.8,0.2,1,0.4429399006518988,0.6693477197986519,6.887712379549449,3.557060099348101,2.8877123795494493,-0.07260298054121184,4.838879778292202e-17,1.3713665300612355e-16,5.1070827749516694e-17,or|and|copy|majority,0.21619653272068404,0.5280532895956527,0.04250695885064104,0.03870548444481939,0.04562185276329145,0.6693477197986448
264,4,0.8,0.2,1,0.3839664097710118,0.7283212106795389,6.887712379549449,3.616033590228988,2.8877123795494493,-0.06096406421084133,4.3542219742183735e-17,2.163792044793189e-16,3.9271440497643375e-17,copy|majority|and|parity,0.3584386595406931,0.4204446065888896,0.01947306745683086,0.009025961884582092,0.19314485203704576,0.7283212106795485
265,4,0.8,0.2,1,0.22600148709061552,0.8862861333599361,6.887712379549449,3.773998512909385,2.887712379549449,-0.03191742128383057,5.0504341097228016e-17,1.3312941314555502e-16,5.2397680758783744e-17,copy|majority|or|and,0.0708434767673054,0.5167137697307784,0.03290100097299531,0.039297794711292494,-0.01554098974260354,0.8862861333599326
266,4,0.8,0.2,1,0.17922904432233722,0.9330585761282135,6.887712379549449,3.820770955677663,2.8877123795494493,-0.03342723016856142,0.0,0.0,0.0,majority|majority|copy|majority,0.18688124957997093,0.9430892377796458,0.10359105667045965,0.07532106508325707,-0.026017878405000694,0.9330585761282604
267,4,0.8,0.2,1,0.5294834197805609,0.5828042006699898,6.887712379549449,3.470516580219439,2.8877123795494493,-0.08184474918580165,0.017358640770883532,0.2777382523341365,0.003579453065289561,copy|copy|and|and,0.12271124960281965,0.5888373063110839,0.006272581814784406,0.04258613689168466,-0.002770124348367653,0.5828042006700367
268,4,0.8,0.2,1,0.5061188253719644,0.6061687950785863,6.887712379549449,3.4938811746280356,2.8877123795494493,-0.056823620207359093,0.017358640770883532,0.2777382523341365,0.004625247737597934,parity|copy|or|or,0.03980411557715968,0.6025422697159848,0.0021913747580688536,0.03260617104329643,0.00376761055337127,0.6061687950785872
269,4,0.8,0.2,1,0.5639670465970563,0.5483205738534935,6.887712379549449,3.4360329534029432,2.8877123795494497,-0.14557028059951405,4.877036172009481e-17,1.3577436837361239e-16,4.466687746449905e-17,copy|majority|and|and,0.15554764573188273,0.26376775036288747,0.03228355279682438,0.01621909024091138,0.018984049739714473,0.5483205738535486
